Week,Team,Player,Position,Pro_Team,Lineup Position,Points,Projected_Points,Pro_Opponent,Pro_Position_Rank,Game_Played,Game_Date,On_Bye,Active_Status
1,White Corners Klub,Bijan Robinson,RB,ATL,RB,24.4,19.75,TB,19.0,100.0,2025-09-07 17:00:00,False,active
1,White Corners Klub,Ladd McConkey,WR,LAC,WR,13.4,15.12,KC,4.0,100.0,2025-09-06 00:00:00,False,active
1,White Corners Klub,Josh Allen,QB,BUF,QB,38.76,20.83,BAL,21.0,100.0,2025-09-08 00:20:00,False,active
1,White Corners Klub,DJ Moore,WR,CHI,WR,8.6,13.47,MIN,1.0,100.0,2025-09-09 00:15:00,False,active
1,White Corners Klub,Kenneth Walker III,RB,SEA,RB,5.4,15.01,SF,25.0,100.0,2025-09-07 20:05:00,False,active
1,White Corners Klub,Jameson Williams,WR,DET,RB/WR/TE,6.6,12.92,GB,18.0,100.0,2025-09-07 20:25:00,False,active
1,White Corners Klub,RJ Harvey,RB,DEN,BE,7.9,12.81,TEN,13.0,100.0,2025-09-07 20:05:00,False,active
1,White Corners Klub,Tyler Warren,TE,IND,TE,14.9,9.92,MIA,30.0,100.0,2025-09-07 17:00:00,False,active
1,White Corners Klub,Zach Charbonnet,RB,SEA,BE,10.7,8.59,SF,25.0,100.0,2025-09-07 20:05:00,False,active
1,White Corners Klub,Josh Downs,WR,IND,BE,3.2,11.85,MIA,8.0,100.0,2025-09-07 17:00:00,False,active
1,White Corners Klub,Kyle Pitts Sr.,TE,ATL,BE,12.9,9.1,TB,27.0,100.0,2025-09-07 17:00:00,False,active
1,White Corners Klub,Trey Benson,RB,ARI,BE,8.5,7.91,NO,7.0,100.0,2025-09-07 17:00:00,False,active
1,White Corners Klub,Marvin Mims Jr.,WR,DEN,BE,15.1,18.48,TEN,27.0,100.0,2025-09-07 20:05:00,False,active
1,White Corners Klub,Tyler Loop,K,BAL,K,12.5,8.11,BUF,7.0,100.0,2025-09-08 00:20:00,False,active
1,White Corners Klub,Packers D/ST,D/ST,GB,D/ST,12.0,5.86,DET,5.0,100.0,2025-09-07 20:25:00,False,active
1,Team Beil,Amon-Ra St. Brown,WR,DET,WR,8.5,17.28,GB,18.0,100.0,2025-09-07 20:25:00,False,active
1,Team Beil,Josh Jacobs,RB,GB,RB,14.0,15.7,DET,1.0,100.0,2025-09-07 20:25:00,False,active
1,Team Beil,Jayden Daniels,QB,WSH,QB,20.12,20.96,NYG,25.0,100.0,2025-09-07 17:00:00,False,active
1,Team Beil,TreVeyon Henderson,RB,NE,RB,15.4,17.44,LV,15.0,100.0,2025-09-07 17:00:00,False,active
1,Team Beil,George Pickens,WR,DAL,WR,6.0,13.21,PHI,6.0,100.0,2025-09-05 00:20:00,False,active
1,Team Beil,Evan Engram,TE,DEN,TE,5.1,9.91,TEN,21.0,100.0,2025-09-07 20:05:00,False,active
1,Team Beil,Tyrone Tracy Jr.,RB,NYG,RB/WR/TE,5.5,13.34,WSH,24.0,100.0,2025-09-07 17:00:00,False,active
1,Team Beil,Dak Prescott,QB,DAL,BE,7.82,16.53,PHI,10.0,100.0,2025-09-05 00:20:00,False,active
1,Team Beil,Steelers D/ST,D/ST,PIT,D/ST,2.0,9.8,NYJ,28.0,100.0,2025-09-07 17:00:00,False,active
1,Team Beil,Cameron Dicker,K,LAC,K,9.0,8.37,KC,15.0,100.0,2025-09-06 00:00:00,False,active
1,Team Beil,Rashod Bateman,WR,BAL,BE,3.0,9.55,BUF,11.0,100.0,2025-09-08 00:20:00,False,active
1,Team Beil,Rachaad White,RB,TB,BE,2.6,8.65,ATL,10.0,100.0,2025-09-07 17:00:00,False,active
1,Team Beil,Christian Kirk,WR,HOU,BE,0.0,0.0,LAR,20.0,100.0,2025-09-07 20:25:00,False,inactive
1,Team Beil,Brian Robinson Jr.,RB,SF,BE,4.7,4.13,SEA,12.0,100.0,2025-09-07 20:05:00,False,active
1,Team Beil,Joshua Palmer,WR,BUF,BE,11.1,6.61,BAL,28.0,100.0,2025-09-08 00:20:00,False,active
1,GriddyThemTiddies,Justin Jefferson,WR,MIN,WR,14.8,20.23,CHI,29.0,100.0,2025-09-09 00:15:00,False,active
1,GriddyThemTiddies,Jonathan Taylor,RB,IND,RB,12.8,18.03,MIA,29.0,100.0,2025-09-07 17:00:00,False,active
1,GriddyThemTiddies,Brock Bowers,TE,LV,TE,15.3,15.3,NE,20.0,100.0,2025-09-07 17:00:00,False,active
1,GriddyThemTiddies,Chuba Hubbard,RB,CAR,RB,17.9,15.39,JAX,5.0,100.0,2025-09-07 17:00:00,False,active
1,GriddyThemTiddies,Garrett Wilson,WR,NYJ,WR,22.5,13.17,PIT,24.0,100.0,2025-09-07 17:00:00,False,active
1,GriddyThemTiddies,Travis Hunter,WR,JAX,RB/WR/TE,9.3,12.89,CAR,3.0,100.0,2025-09-07 17:00:00,False,active
1,GriddyThemTiddies,Isiah Pacheco,RB,KC,BE,4.8,12.84,LAC,4.0,100.0,2025-09-06 00:00:00,False,active
1,GriddyThemTiddies,Jakobi Meyers,WR,JAX,BE,17.7,12.8,CAR,3.0,100.0,2025-09-07 17:00:00,False,active
1,GriddyThemTiddies,Caleb Williams,QB,CHI,QB,24.2,15.47,MIN,1.0,100.0,2025-09-09 00:15:00,False,active
1,GriddyThemTiddies,Tank Bigsby,RB,PHI,BE,3.2,11.03,DAL,30.0,100.0,2025-09-05 00:20:00,False,active
1,GriddyThemTiddies,Jayden Reed,WR,GB,BE,15.6,12.14,DET,30.0,100.0,2025-09-07 20:25:00,False,active
1,GriddyThemTiddies,Dallas Goedert,TE,PHI,BE,11.4,9.42,DAL,12.0,100.0,2025-09-05 00:20:00,False,active
1,GriddyThemTiddies,Matthew Stafford,QB,LAR,BE,13.6,14.93,HOU,3.0,100.0,2025-09-07 20:25:00,False,active
1,GriddyThemTiddies,Eagles D/ST,D/ST,PHI,D/ST,3.0,7.9,DAL,3.0,100.0,2025-09-05 00:20:00,False,active
1,GriddyThemTiddies,Cam Little,K,JAX,K,15.0,8.28,CAR,16.0,100.0,2025-09-07 17:00:00,False,active
1,Glock Purdy,Puka Nacua,WR,LAR,WR,23.1,16.77,HOU,2.0,100.0,2025-09-07 20:25:00,False,active
1,Glock Purdy,Nico Collins,WR,HOU,WR,5.5,17.44,LAR,20.0,100.0,2025-09-07 20:25:00,False,active
1,Glock Purdy,Joe Burrow,QB,CIN,QB,8.82,19.98,CLE,5.0,100.0,2025-09-07 17:00:00,False,active
1,Glock Purdy,Alvin Kamara,RB,NO,RB,13.7,15.74,ARI,28.0,100.0,2025-09-07 17:00:00,False,active
1,Glock Purdy,Aaron Jones Sr.,RB,MIN,BE,15.7,12.53,CHI,18.0,100.0,2025-09-09 00:15:00,False,active
1,Glock Purdy,Jaylen Waddle,WR,MIA,RB/WR/TE,7.0,12.95,IND,32.0,100.0,2025-09-07 17:00:00,False,active
1,Glock Purdy,Austin Ekeler,RB,WSH,RB,8.7,16.44,NYG,27.0,100.0,2025-09-07 17:00:00,False,active
1,Glock Purdy,Travis Kelce,TE,KC,TE,12.7,11.79,LAC,5.0,100.0,2025-09-06 00:00:00,False,active
1,Glock Purdy,Darnell Mooney,WR,ATL,BE,0.0,0.0,TB,17.0,100.0,2025-09-07 17:00:00,False,inactive
1,Glock Purdy,Jordan Mason,RB,MIN,BE,8.5,8.0,CHI,18.0,100.0,2025-09-09 00:15:00,False,active
1,Glock Purdy,Vikings D/ST,D/ST,MIN,D/ST,5.0,8.31,CHI,1.0,100.0,2025-09-09 00:15:00,False,active
1,Glock Purdy,Ka'imi Fairbairn,K,HOU,K,14.0,7.87,LAR,10.0,100.0,2025-09-07 20:25:00,False,active
1,Glock Purdy,Joe Mixon,RB,HOU,BE,0.0,0.0,LAR,3.0,100.0,2025-09-07 20:25:00,False,inactive
1,Glock Purdy,Wan'Dale Robinson,WR,NYG,BE,15.6,9.7,WSH,23.0,100.0,2025-09-07 17:00:00,False,active
1,Glock Purdy,Amari Cooper,WR,LV,BE,0.0,0.0,NE,14.0,100.0,2025-09-07 17:00:00,False,inactive
1,Naberhood Watch,Malik Nabers,WR,NYG,WR,12.1,18.99,WSH,23.0,100.0,2025-09-07 17:00:00,False,active
1,Naberhood Watch,De'Von Achane,RB,MIA,RB,16.5,17.69,IND,8.0,100.0,2025-09-07 17:00:00,False,active
1,Naberhood Watch,Davante Adams,WR,LAR,BE,9.1,14.45,HOU,2.0,100.0,2025-09-07 20:25:00,False,active
1,Naberhood Watch,Marvin Harrison Jr.,WR,ARI,RB/WR/TE,18.1,13.92,NO,7.0,100.0,2025-09-07 17:00:00,False,active
1,Naberhood Watch,Zay Flowers,WR,BAL,WR,28.1,14.56,BUF,11.0,100.0,2025-09-08 00:20:00,False,active
1,Naberhood Watch,Sam LaPorta,TE,DET,TE,13.9,11.35,GB,10.0,100.0,2025-09-07 20:25:00,False,active
1,Naberhood Watch,Kyler Murray,QB,ARI,QB,18.32,18.3,NO,8.0,100.0,2025-09-07 17:00:00,False,active
1,Naberhood Watch,Chris Olave,WR,NO,BE,12.4,12.42,ARI,19.0,100.0,2025-09-07 17:00:00,False,active
1,Naberhood Watch,Rhamondre Stevenson,RB,NE,RB,4.7,11.21,LV,15.0,100.0,2025-09-07 17:00:00,False,active
1,Naberhood Watch,Ravens D/ST,D/ST,BAL,D/ST,-4.0,5.46,BUF,4.0,100.0,2025-09-08 00:20:00,False,active
1,Naberhood Watch,Jake Bates,K,DET,K,7.0,8.51,GB,14.0,100.0,2025-09-07 20:25:00,False,active
1,Naberhood Watch,Zach Ertz,TE,WSH,BE,11.6,8.91,NYG,8.0,100.0,2025-09-07 17:00:00,False,active
1,Naberhood Watch,Cam Ward,QB,TEN,BE,2.48,13.67,DEN,9.0,100.0,2025-09-07 20:05:00,False,active
1,Naberhood Watch,Romeo Doubs,WR,GB,BE,8.8,8.36,DET,30.0,100.0,2025-09-07 20:25:00,False,active
1,Naberhood Watch,Jacory Croskey-Merritt,RB,WSH,BE,14.2,9.52,NYG,27.0,100.0,2025-09-07 17:00:00,False,active
1,Hurts So Good,Jahmyr Gibbs,RB,DET,RB,15.0,18.42,GB,11.0,100.0,2025-09-07 20:25:00,False,active
1,Hurts So Good,DeVonta Smith,WR,PHI,WR,4.6,13.42,DAL,31.0,100.0,2025-09-05 00:20:00,False,active
1,Hurts So Good,Lamar Jackson,QB,BAL,QB,29.36,22.0,BUF,4.0,100.0,2025-09-08 00:20:00,False,active
1,Hurts So Good,Mike Evans,WR,TB,WR,10.1,16.07,ATL,26.0,100.0,2025-09-07 17:00:00,False,active
1,Hurts So Good,D'Andre Swift,RB,CHI,RB,9.5,12.64,MIN,6.0,100.0,2025-09-09 00:15:00,False,active
1,Hurts So Good,Mark Andrews,TE,BAL,TE,1.5,11.88,BUF,1.0,100.0,2025-09-08 00:20:00,False,active
1,Hurts So Good,Rome Odunze,WR,CHI,RB/WR/TE,15.7,12.3,MIN,1.0,100.0,2025-09-09 00:15:00,False,active
1,Hurts So Good,J.K. Dobbins,RB,DEN,BE,14.8,10.63,TEN,13.0,100.0,2025-09-07 20:05:00,False,active
1,Hurts So Good,Cooper Kupp,WR,SEA,BE,3.5,12.33,SF,21.0,100.0,2025-09-07 20:05:00,False,active
1,Hurts So Good,Keenan Allen,WR,LAC,BE,19.8,11.01,KC,4.0,100.0,2025-09-06 00:00:00,False,active
1,Hurts So Good,Texans D/ST,D/ST,HOU,D/ST,10.0,7.48,LAR,1.0,100.0,2025-09-07 20:25:00,False,active
1,Hurts So Good,Jared Goff,QB,DET,BE,10.9,15.28,GB,12.0,100.0,2025-09-07 20:25:00,False,active
1,Hurts So Good,Jake Elliott,K,PHI,K,8.0,8.56,DAL,27.0,100.0,2025-09-05 00:20:00,False,active
1,Hurts So Good,Hunter Henry,TE,NE,BE,10.6,8.82,LV,3.0,100.0,2025-09-07 17:00:00,False,active
1,Hurts So Good,Brandon Aiyuk,WR,SF,BE,0.0,0.0,SEA,5.0,100.0,2025-09-07 20:05:00,False,inactive
1,Jacks Backs,Ja'Marr Chase,WR,CIN,WR,4.6,19.78,CLE,13.0,100.0,2025-09-07 17:00:00,False,active
1,Jacks Backs,Trey McBride,TE,ARI,TE,12.1,15.01,NO,13.0,100.0,2025-09-07 17:00:00,False,active
1,Jacks Backs,Kyren Williams,RB,LAR,RB,13.9,15.74,HOU,20.0,100.0,2025-09-07 20:25:00,False,active
1,Jacks Backs,James Conner,RB,ARI,RB,14.4,15.33,NO,7.0,100.0,2025-09-07 17:00:00,False,active
1,Jacks Backs,Courtland Sutton,WR,DEN,WR,18.1,13.4,TEN,27.0,100.0,2025-09-07 20:05:00,False,active
1,Jacks Backs,Matthew Golden,WR,GB,RB/WR/TE,4.7,14.16,DET,30.0,100.0,2025-09-07 20:25:00,False,active
1,Jacks Backs,Bo Nix,QB,DEN,QB,6.84,18.52,TEN,28.0,100.0,2025-09-07 20:05:00,False,active
1,Jacks Backs,Keon Coleman,WR,BUF,BE,25.2,11.96,BAL,28.0,100.0,2025-09-08 00:20:00,False,active
1,Jacks Backs,Cam Skattebo,RB,NYG,BE,2.9,5.47,WSH,24.0,100.0,2025-09-07 17:00:00,False,active
1,Jacks Backs,Bhayshul Tuten,RB,JAX,BE,2.3,7.63,CAR,23.0,100.0,2025-09-07 17:00:00,False,active
1,Jacks Backs,Xavier Legette,WR,CAR,BE,4.0,12.01,JAX,16.0,100.0,2025-09-07 17:00:00,False,active
1,Jacks Backs,Dalton Kincaid,TE,BUF,BE,14.8,8.75,BAL,9.0,100.0,2025-09-08 00:20:00,False,active
1,Jacks Backs,Seahawks D/ST,D/ST,SEA,D/ST,10.0,7.01,SF,13.0,100.0,2025-09-07 20:05:00,False,active
1,Jacks Backs,Tyler Bass,K,BUF,IR,0.0,0.0,BAL,25.0,100.0,2025-09-08 00:20:00,False,inactive
1,Jacks Backs,Ray Davis,RB,BUF,BE,1.1,7.26,BAL,22.0,100.0,2025-09-08 00:20:00,False,active
1,Jacks Backs,Cairo Santos,K,CHI,K,6.0,8.11,MIN,22.0,100.0,2025-09-09 00:15:00,False,active
1,Montgomery Beer,Ashton Jeanty,RB,LV,RB,12.0,17.61,NE,9.0,100.0,2025-09-07 17:00:00,False,active
1,Montgomery Beer,Brian Thomas Jr.,WR,JAX,WR,9.0,16.34,CAR,3.0,100.0,2025-09-07 17:00:00,False,active
1,Montgomery Beer,Tyreek Hill,WR,MIA,WR,8.0,15.22,IND,32.0,100.0,2025-09-07 17:00:00,False,active
1,Montgomery Beer,George Kittle,TE,SF,TE,12.5,13.63,SEA,22.0,100.0,2025-09-07 20:05:00,False,active
1,Montgomery Beer,Baker Mayfield,QB,TB,QB,22.58,19.02,ATL,17.0,100.0,2025-09-07 17:00:00,False,active
1,Montgomery Beer,David Montgomery,RB,DET,RB,8.3,12.33,GB,11.0,100.0,2025-09-07 20:25:00,False,active
1,Montgomery Beer,Rashee Rice,WR,KC,BE,0.0,0.0,LAC,15.0,100.0,2025-09-06 00:00:00,False,inactive
1,Montgomery Beer,Javonte Williams,RB,DAL,BE,20.4,11.32,PHI,21.0,100.0,2025-09-05 00:20:00,False,active
1,Montgomery Beer,Brandon Aubrey,K,DAL,K,11.0,8.22,PHI,13.0,100.0,2025-09-05 00:20:00,False,active
1,Montgomery Beer,Rashid Shaheed,WR,SEA,RB/WR/TE,11.1,15.73,SF,21.0,100.0,2025-09-07 20:05:00,False,active
1,Montgomery Beer,Jordan Love,QB,GB,BE,15.92,14.92,DET,24.0,100.0,2025-09-07 20:25:00,False,active
1,Montgomery Beer,Cedric Tillman,WR,CLE,BE,16.2,10.7,CIN,10.0,100.0,2025-09-07 17:00:00,False,active
1,Montgomery Beer,Braelon Allen,RB,NYJ,BE,6.9,5.01,PIT,14.0,100.0,2025-09-07 17:00:00,False,active
1,Montgomery Beer,Bills D/ST,D/ST,BUF,D/ST,0.0,5.08,BAL,15.0,100.0,2025-09-08 00:20:00,False,active
1,Montgomery Beer,Nick Chubb,RB,HOU,BE,6.0,9.34,LAR,3.0,100.0,2025-09-07 20:25:00,False,active
1,"you won't, but Drake Maye",CeeDee Lamb,WR,DAL,WR,18.0,18.98,PHI,6.0,100.0,2025-09-05 00:20:00,False,active
1,"you won't, but Drake Maye",Bucky Irving,RB,TB,RB,14.5,17.28,ATL,10.0,100.0,2025-09-07 17:00:00,False,active
1,"you won't, but Drake Maye",James Cook III,RB,BUF,RB,21.2,14.62,BAL,22.0,100.0,2025-09-08 00:20:00,False,active
1,"you won't, but Drake Maye",Omarion Hampton,RB,LAC,RB/WR/TE,8.1,14.73,KC,17.0,100.0,2025-09-06 00:00:00,False,active
1,"you won't, but Drake Maye",DK Metcalf,WR,PIT,WR,12.3,13.53,NYJ,12.0,100.0,2025-09-07 17:00:00,False,active
1,"you won't, but Drake Maye",Ricky Pearsall,WR,SF,BE,14.8,13.52,SEA,5.0,100.0,2025-09-07 20:05:00,False,active
1,"you won't, but Drake Maye",David Njoku,TE,CLE,TE,6.7,11.25,CIN,32.0,100.0,2025-09-07 17:00:00,False,active
1,"you won't, but Drake Maye",Stefon Diggs,WR,NE,BE,11.7,12.15,LV,25.0,100.0,2025-09-07 17:00:00,False,active
1,"you won't, but Drake Maye",Jordan Addison,WR,MIN,BE,0.0,0.0,CHI,29.0,100.0,2025-09-09 00:15:00,False,inactive
1,"you won't, but Drake Maye",Travis Etienne Jr.,RB,JAX,BE,18.6,10.3,CAR,23.0,100.0,2025-09-07 17:00:00,False,active
1,"you won't, but Drake Maye",Drake Maye,QB,NE,QB,15.78,17.97,LV,16.0,100.0,2025-09-07 17:00:00,False,active
1,"you won't, but Drake Maye",C.J. Stroud,QB,HOU,BE,8.72,16.47,LAR,14.0,100.0,2025-09-07 20:25:00,False,active
1,"you won't, but Drake Maye",Patriots D/ST,D/ST,NE,D/ST,6.0,8.41,LV,32.0,100.0,2025-09-07 17:00:00,False,active
1,"you won't, but Drake Maye",Jaydon Blue,RB,DAL,BE,0.0,0.0,PHI,21.0,100.0,2025-09-05 00:20:00,False,inactive
1,"you won't, but Drake Maye",Tyjae Spears,RB,TEN,IR,0.0,0.0,DEN,2.0,100.0,2025-09-07 20:05:00,False,inactive
1,"you won't, but Drake Maye",Matt Gay,K,None,K,,,,,,,,
1,SaquonDeese,Saquon Barkley,RB,PHI,RB,18.4,20.92,DAL,30.0,100.0,2025-09-05 00:20:00,False,active
1,SaquonDeese,Chase Brown,RB,CIN,RB,13.1,17.62,CLE,16.0,100.0,2025-09-07 17:00:00,False,active
1,SaquonDeese,Jalen Hurts,QB,PHI,QB,24.28,23.43,DAL,32.0,100.0,2025-09-05 00:20:00,False,active
1,SaquonDeese,Xavier Worthy,WR,KC,WR,0.0,17.03,LAC,15.0,100.0,2025-09-06 00:00:00,False,active
1,SaquonDeese,Tetairoa McMillan,WR,CAR,BE,11.8,13.87,JAX,16.0,100.0,2025-09-07 17:00:00,False,active
1,SaquonDeese,Jerry Jeudy,WR,CLE,RB/WR/TE,11.6,14.86,CIN,10.0,100.0,2025-09-07 17:00:00,False,active
1,SaquonDeese,Emeka Egbuka,WR,TB,WR,23.6,16.17,ATL,26.0,100.0,2025-09-07 17:00:00,False,active
1,SaquonDeese,Kaleb Johnson,RB,PIT,BE,13.0,5.06,NYJ,32.0,100.0,2025-09-07 17:00:00,False,active
1,SaquonDeese,Tucker Kraft,TE,GB,TE,9.9,9.41,DET,18.0,100.0,2025-09-07 20:25:00,False,active
1,SaquonDeese,Jayden Higgins,WR,HOU,BE,5.2,9.14,LAR,20.0,100.0,2025-09-07 20:25:00,False,active
1,SaquonDeese,Broncos D/ST,D/ST,DEN,D/ST,17.0,9.3,TEN,29.0,100.0,2025-09-07 20:05:00,False,active
1,SaquonDeese,Chase McLaughlin,K,TB,K,4.5,8.71,ATL,24.0,100.0,2025-09-07 17:00:00,False,active
1,SaquonDeese,Quinshon Judkins,RB,CLE,BE,0.0,0.0,CIN,31.0,100.0,2025-09-07 17:00:00,False,inactive
1,SaquonDeese,Pat Bryant,WR,DEN,BE,0.0,5.61,TEN,27.0,100.0,2025-09-07 20:05:00,False,active
1,SaquonDeese,Cade Otton,TE,TB,BE,0.0,8.8,ATL,4.0,100.0,2025-09-07 17:00:00,False,active
1,Tyler's Football Team,A.J. Brown,WR,PHI,WR,1.8,16.58,DAL,31.0,100.0,2025-09-05 00:20:00,False,active
1,Tyler's Football Team,Derrick Henry,RB,BAL,RB,29.2,16.05,BUF,26.0,100.0,2025-09-08 00:20:00,False,active
1,Tyler's Football Team,Terry McLaurin,WR,WSH,WR,4.7,13.78,NYG,22.0,100.0,2025-09-07 17:00:00,False,active
1,Tyler's Football Team,Patrick Mahomes,QB,KC,QB,26.02,19.81,LAC,2.0,100.0,2025-09-06 00:00:00,False,active
1,Tyler's Football Team,Tony Pollard,RB,TEN,RB,7.9,12.88,DEN,2.0,100.0,2025-09-07 20:05:00,False,active
1,Tyler's Football Team,Calvin Ridley,WR,TEN,RB/WR/TE,6.7,11.38,DEN,9.0,100.0,2025-09-07 20:05:00,False,active
1,Tyler's Football Team,Jaylen Warren,RB,PIT,BE,13.9,17.18,NYJ,32.0,100.0,2025-09-07 17:00:00,False,active
1,Tyler's Football Team,Colston Loveland,TE,CHI,TE,3.2,8.81,MIN,6.0,100.0,2025-09-09 00:15:00,False,active
1,Tyler's Football Team,Khalil Shakir,WR,BUF,BE,12.4,12.0,BAL,28.0,100.0,2025-09-08 00:20:00,False,active
1,Tyler's Football Team,Jauan Jennings,WR,SF,BE,3.6,12.53,SEA,5.0,100.0,2025-09-07 20:05:00,False,active
1,Tyler's Football Team,Jerome Ford,RB,CLE,BE,1.5,15.99,CIN,31.0,100.0,2025-09-07 17:00:00,False,active
1,Tyler's Football Team,Justin Fields,QB,NYJ,BE,29.52,15.49,PIT,27.0,100.0,2025-09-07 17:00:00,False,active
1,Tyler's Football Team,Lions D/ST,D/ST,DET,D/ST,2.0,7.32,GB,7.0,100.0,2025-09-07 20:25:00,False,active
1,Tyler's Football Team,Chris Boswell,K,PIT,K,15.0,8.0,NYJ,31.0,100.0,2025-09-07 17:00:00,False,active
1,Tyler's Football Team,Tyler Allgeier,RB,ATL,BE,2.4,6.05,TB,19.0,100.0,2025-09-07 17:00:00,False,active
1,Philip's Perfect Team,Christian McCaffrey,RB,SF,RB,23.2,17.69,SEA,12.0,100.0,2025-09-07 20:05:00,False,active
1,Philip's Perfect Team,Drake London,WR,ATL,WR,13.5,16.01,TB,17.0,100.0,2025-09-07 17:00:00,False,active
1,Philip's Perfect Team,Tee Higgins,WR,CIN,WR,6.3,15.47,CLE,13.0,100.0,2025-09-07 17:00:00,False,active
1,Philip's Perfect Team,Jaxon Smith-Njigba,WR,SEA,RB/WR/TE,19.4,14.67,SF,21.0,100.0,2025-09-07 20:05:00,False,active
1,Philip's Perfect Team,Breece Hall,RB,NYJ,RB,16.5,12.6,PIT,14.0,100.0,2025-09-07 17:00:00,False,active
1,Philip's Perfect Team,T.J. Hockenson,TE,MIN,TE,4.5,11.29,CHI,15.0,100.0,2025-09-09 00:15:00,False,active
1,Philip's Perfect Team,Michael Pittman Jr.,WR,IND,BE,20.0,12.01,MIA,8.0,100.0,2025-09-07 17:00:00,False,active
1,Philip's Perfect Team,Brock Purdy,QB,SF,QB,16.78,16.85,SEA,7.0,100.0,2025-09-07 20:05:00,False,active
1,Philip's Perfect Team,Deebo Samuel,WR,WSH,BE,27.6,11.91,NYG,22.0,100.0,2025-09-07 17:00:00,False,active
1,Philip's Perfect Team,Chris Godwin Jr.,WR,TB,BE,0.0,0.0,ATL,26.0,100.0,2025-09-07 17:00:00,False,inactive
1,Philip's Perfect Team,Justin Herbert,QB,LAC,BE,27.92,16.56,KC,13.0,100.0,2025-09-06 00:00:00,False,active
1,Philip's Perfect Team,J.J. McCarthy,QB,MIN,BE,22.22,16.26,CHI,22.0,100.0,2025-09-09 00:15:00,False,active
1,Philip's Perfect Team,Jake Ferguson,TE,DAL,BE,7.3,8.99,PHI,2.0,100.0,2025-09-05 00:20:00,False,active
1,Philip's Perfect Team,Colts D/ST,D/ST,IND,D/ST,15.0,7.26,MIA,23.0,100.0,2025-09-07 17:00:00,False,active
1,Philip's Perfect Team,Harrison Butker,K,KC,K,10.5,8.2,LAC,17.0,100.0,2025-09-06 00:00:00,False,active
2,Team Beil,Amon-Ra St. Brown,WR,DET,WR,39.2,17.01,CHI,29.0,100.0,2025-09-14 17:00:00,False,active
2,Team Beil,Josh Jacobs,RB,GB,RB,14.4,18.27,WSH,24.0,100.0,2025-09-12 00:15:00,False,active
2,Team Beil,Jayden Daniels,QB,WSH,QB,19.7,20.77,GB,12.0,100.0,2025-09-12 00:15:00,False,active
2,Team Beil,TreVeyon Henderson,RB,NE,RB,6.0,16.94,MIA,29.0,100.0,2025-09-14 17:00:00,False,active
2,Team Beil,George Pickens,WR,DAL,WR,17.8,11.79,NYG,22.0,100.0,2025-09-14 17:00:00,False,active
2,Team Beil,Evan Engram,TE,DEN,TE,2.2,8.87,IND,25.0,100.0,2025-09-14 20:05:00,False,active
2,Team Beil,Tyrone Tracy Jr.,RB,NYG,RB/WR/TE,22.3,14.21,DAL,30.0,100.0,2025-09-14 17:00:00,False,active
2,Team Beil,Dak Prescott,QB,DAL,BE,22.14,16.79,NYG,25.0,100.0,2025-09-14 17:00:00,False,active
2,Team Beil,Steelers D/ST,D/ST,PIT,D/ST,5.0,9.18,SEA,10.0,100.0,2025-09-14 17:00:00,False,active
2,Team Beil,Cameron Dicker,K,LAC,K,8.0,8.46,LV,26.0,100.0,2025-09-16 02:00:00,False,active
2,Team Beil,Rashod Bateman,WR,BAL,BE,3.5,9.02,CLE,13.0,100.0,2025-09-14 17:00:00,False,active
2,Team Beil,Rachaad White,RB,TB,BE,14.6,6.87,HOU,20.0,100.0,2025-09-15 23:00:00,False,active
2,Team Beil,Christian Kirk,WR,HOU,BE,0.0,0.0,TB,17.0,100.0,2025-09-15 23:00:00,False,inactive
2,Team Beil,Brian Robinson Jr.,RB,SF,BE,2.9,6.85,NO,7.0,100.0,2025-09-14 17:00:00,False,active
2,Team Beil,Joshua Palmer,WR,BUF,BE,6.7,8.62,NYJ,12.0,100.0,2025-09-14 17:00:00,False,active
2,Glock Purdy,Puka Nacua,WR,LAR,WR,27.6,19.73,TEN,27.0,100.0,2025-09-14 17:00:00,False,active
2,Glock Purdy,Nico Collins,WR,HOU,WR,14.2,16.9,TB,17.0,100.0,2025-09-15 23:00:00,False,active
2,Glock Purdy,Joe Burrow,QB,CIN,QB,7.04,0.0,JAX,15.0,100.0,2025-09-14 17:00:00,False,active
2,Glock Purdy,Alvin Kamara,RB,NO,RB,16.0,15.03,SF,25.0,100.0,2025-09-14 17:00:00,False,active
2,Glock Purdy,Aaron Jones Sr.,RB,MIN,RB,2.3,13.46,ATL,10.0,100.0,2025-09-15 00:20:00,False,active
2,Glock Purdy,Jaylen Waddle,WR,MIA,RB/WR/TE,17.8,13.2,NE,14.0,100.0,2025-09-14 17:00:00,False,active
2,Glock Purdy,Austin Ekeler,RB,WSH,BE,4.4,0.0,GB,11.0,100.0,2025-09-12 00:15:00,False,active
2,Glock Purdy,Travis Kelce,TE,KC,TE,10.1,12.28,PHI,2.0,100.0,2025-09-14 20:25:00,False,active
2,Glock Purdy,Darnell Mooney,WR,ATL,BE,4.0,10.06,MIN,1.0,100.0,2025-09-15 00:20:00,False,active
2,Glock Purdy,Jordan Mason,RB,MIN,BE,5.8,11.61,ATL,10.0,100.0,2025-09-15 00:20:00,False,active
2,Glock Purdy,Vikings D/ST,D/ST,MIN,D/ST,6.0,8.58,ATL,19.0,100.0,2025-09-15 00:20:00,False,active
2,Glock Purdy,Ka'imi Fairbairn,K,HOU,K,9.0,7.99,TB,11.0,100.0,2025-09-15 23:00:00,False,active
2,Glock Purdy,Joe Mixon,RB,HOU,BE,0.0,0.0,TB,19.0,100.0,2025-09-15 23:00:00,False,inactive
2,Glock Purdy,Wan'Dale Robinson,WR,NYG,BE,28.2,16.25,DAL,31.0,100.0,2025-09-14 17:00:00,False,active
2,Glock Purdy,Quentin Johnston,WR,LAC,BE,15.9,11.53,LV,25.0,100.0,2025-09-16 02:00:00,False,active
2,Hurts So Good,Jahmyr Gibbs,RB,DET,RB,19.4,18.07,CHI,18.0,100.0,2025-09-14 17:00:00,False,active
2,Hurts So Good,DeVonta Smith,WR,PHI,WR,9.3,12.58,KC,4.0,100.0,2025-09-14 20:25:00,False,active
2,Hurts So Good,Lamar Jackson,QB,BAL,QB,26.3,22.76,CLE,5.0,100.0,2025-09-14 17:00:00,False,active
2,Hurts So Good,Mike Evans,WR,TB,WR,10.6,14.08,HOU,2.0,100.0,2025-09-15 23:00:00,False,active
2,Hurts So Good,D'Andre Swift,RB,CHI,RB,13.9,14.14,DET,1.0,100.0,2025-09-14 17:00:00,False,active
2,Hurts So Good,Mark Andrews,TE,BAL,TE,1.4,9.21,CLE,14.0,100.0,2025-09-14 17:00:00,False,active
2,Hurts So Good,Rome Odunze,WR,CHI,RB/WR/TE,31.8,13.51,DET,30.0,100.0,2025-09-14 17:00:00,False,active
2,Hurts So Good,J.K. Dobbins,RB,DEN,BE,15.5,11.44,IND,8.0,100.0,2025-09-14 20:05:00,False,active
2,Hurts So Good,Cooper Kupp,WR,SEA,BE,16.0,9.63,PIT,24.0,100.0,2025-09-14 17:00:00,False,active
2,Hurts So Good,Keenan Allen,WR,LAC,BE,17.1,12.91,LV,25.0,100.0,2025-09-16 02:00:00,False,active
2,Hurts So Good,Texans D/ST,D/ST,HOU,D/ST,6.0,7.42,TB,20.0,100.0,2025-09-15 23:00:00,False,active
2,Hurts So Good,Jared Goff,QB,DET,BE,33.96,15.32,CHI,22.0,100.0,2025-09-14 17:00:00,False,active
2,Hurts So Good,Jake Elliott,K,PHI,K,12.0,8.23,KC,15.0,100.0,2025-09-14 20:25:00,False,active
2,Hurts So Good,Hunter Henry,TE,NE,BE,1.9,9.68,MIA,30.0,100.0,2025-09-14 17:00:00,False,active
2,Hurts So Good,Brandon Aiyuk,WR,SF,BE,0.0,0.0,NO,7.0,100.0,2025-09-14 17:00:00,False,inactive
2,White Corners Klub,Bijan Robinson,RB,ATL,RB,19.8,18.12,MIN,6.0,100.0,2025-09-15 00:20:00,False,active
2,White Corners Klub,Ladd McConkey,WR,LAC,RB/WR/TE,9.8,14.23,LV,25.0,100.0,2025-09-16 02:00:00,False,active
2,White Corners Klub,Josh Allen,QB,BUF,QB,11.82,21.76,NYJ,31.0,100.0,2025-09-14 17:00:00,False,active
2,White Corners Klub,DJ Moore,WR,CHI,WR,9.6,13.93,DET,30.0,100.0,2025-09-14 17:00:00,False,active
2,White Corners Klub,Kenneth Walker III,RB,SEA,RB,18.8,11.03,PIT,14.0,100.0,2025-09-14 17:00:00,False,active
2,White Corners Klub,Jameson Williams,WR,DET,BE,18.8,12.99,CHI,29.0,100.0,2025-09-14 17:00:00,False,active
2,White Corners Klub,RJ Harvey,RB,DEN,BE,10.4,7.19,IND,8.0,100.0,2025-09-14 20:05:00,False,active
2,White Corners Klub,Tyler Warren,TE,IND,TE,11.9,10.81,DEN,17.0,100.0,2025-09-14 20:05:00,False,active
2,White Corners Klub,Zach Charbonnet,RB,SEA,BE,1.0,10.14,PIT,14.0,100.0,2025-09-14 17:00:00,False,active
2,White Corners Klub,Josh Downs,WR,IND,BE,11.1,9.59,DEN,9.0,100.0,2025-09-14 20:05:00,False,active
2,White Corners Klub,Kyle Pitts Sr.,TE,ATL,BE,7.7,8.43,MIN,6.0,100.0,2025-09-15 00:20:00,False,active
2,White Corners Klub,Trey Benson,RB,ARI,BE,8.4,9.86,CAR,23.0,100.0,2025-09-14 20:05:00,False,active
2,White Corners Klub,Marvin Mims Jr.,WR,DEN,WR,15.6,19.48,IND,32.0,100.0,2025-09-14 20:05:00,False,active
2,White Corners Klub,Tyler Loop,K,BAL,K,12.0,8.69,CLE,9.0,100.0,2025-09-14 17:00:00,False,active
2,White Corners Klub,Packers D/ST,D/ST,GB,D/ST,6.0,6.78,WSH,18.0,100.0,2025-09-12 00:15:00,False,active
2,Montgomery Beer,Ashton Jeanty,RB,LV,RB,7.4,17.29,LAC,4.0,100.0,2025-09-16 02:00:00,False,active
2,Montgomery Beer,Brian Thomas Jr.,WR,JAX,WR,8.9,16.68,CIN,10.0,100.0,2025-09-14 17:00:00,False,active
2,Montgomery Beer,Tyreek Hill,WR,MIA,WR,18.8,14.3,NE,14.0,100.0,2025-09-14 17:00:00,False,active
2,Montgomery Beer,George Kittle,TE,SF,IR,0.0,0.0,NO,13.0,100.0,2025-09-14 17:00:00,False,inactive
2,Montgomery Beer,Baker Mayfield,QB,TB,QB,19.9,17.07,HOU,3.0,100.0,2025-09-15 23:00:00,False,active
2,Montgomery Beer,David Montgomery,RB,DET,RB/WR/TE,13.1,13.09,CHI,18.0,100.0,2025-09-14 17:00:00,False,active
2,Montgomery Beer,Rashee Rice,WR,KC,BE,0.0,0.0,PHI,6.0,100.0,2025-09-14 20:25:00,False,inactive
2,Montgomery Beer,Javonte Williams,RB,DAL,RB,25.0,14.07,NYG,27.0,100.0,2025-09-14 17:00:00,False,active
2,Montgomery Beer,Brandon Aubrey,K,DAL,K,23.0,8.36,NYG,23.0,100.0,2025-09-14 17:00:00,False,active
2,Montgomery Beer,Rashid Shaheed,WR,SEA,BE,17.5,13.37,PIT,24.0,100.0,2025-09-14 17:00:00,False,active
2,Montgomery Beer,Jordan Love,QB,GB,BE,20.88,17.62,WSH,30.0,100.0,2025-09-12 00:15:00,False,active
2,Montgomery Beer,Cedric Tillman,WR,CLE,BE,10.2,10.35,BAL,28.0,100.0,2025-09-14 17:00:00,False,active
2,Montgomery Beer,Braelon Allen,RB,NYJ,BE,1.1,3.89,BUF,26.0,100.0,2025-09-14 17:00:00,False,active
2,Montgomery Beer,Bills D/ST,D/ST,BUF,D/ST,13.0,8.76,NYJ,28.0,100.0,2025-09-14 17:00:00,False,active
2,Montgomery Beer,Nick Chubb,RB,HOU,BE,15.2,11.53,TB,19.0,100.0,2025-09-15 23:00:00,False,active
2,Montgomery Beer,Jonnu Smith,TE,PIT,TE,6.7,9.03,SEA,22.0,100.0,2025-09-14 17:00:00,False,active
2,GriddyThemTiddies,Justin Jefferson,WR,MIN,WR,11.1,19.7,ATL,26.0,100.0,2025-09-15 00:20:00,False,active
2,GriddyThemTiddies,Jonathan Taylor,RB,IND,RB,29.5,15.56,DEN,2.0,100.0,2025-09-14 20:05:00,False,active
2,GriddyThemTiddies,Brock Bowers,TE,LV,TE,8.8,15.88,LAC,5.0,100.0,2025-09-16 02:00:00,False,active
2,GriddyThemTiddies,Chuba Hubbard,RB,CAR,RB,18.7,15.61,ARI,28.0,100.0,2025-09-14 20:05:00,False,active
2,GriddyThemTiddies,Garrett Wilson,WR,NYJ,WR,9.0,15.04,BUF,11.0,100.0,2025-09-14 17:00:00,False,active
2,GriddyThemTiddies,Travis Hunter,WR,JAX,RB/WR/TE,5.2,13.62,CIN,10.0,100.0,2025-09-14 17:00:00,False,active
2,GriddyThemTiddies,Isiah Pacheco,RB,KC,BE,3.9,10.91,PHI,21.0,100.0,2025-09-14 20:25:00,False,active
2,GriddyThemTiddies,Jakobi Meyers,WR,JAX,BE,12.8,14.16,CIN,10.0,100.0,2025-09-14 17:00:00,False,active
2,GriddyThemTiddies,Caleb Williams,QB,CHI,QB,16.98,16.87,DET,24.0,100.0,2025-09-14 17:00:00,False,active
2,GriddyThemTiddies,Tank Bigsby,RB,PHI,BE,0.0,6.6,KC,17.0,100.0,2025-09-14 20:25:00,False,active
2,GriddyThemTiddies,Jayden Reed,WR,GB,BE,0.0,12.26,WSH,23.0,100.0,2025-09-12 00:15:00,False,active
2,GriddyThemTiddies,Dallas Goedert,TE,PHI,IR,0.0,0.0,KC,7.0,100.0,2025-09-14 20:25:00,False,inactive
2,GriddyThemTiddies,Matthew Stafford,QB,LAR,BE,17.32,16.97,TEN,28.0,100.0,2025-09-14 17:00:00,False,active
2,GriddyThemTiddies,Eagles D/ST,D/ST,PHI,D/ST,9.0,6.6,KC,17.0,100.0,2025-09-14 20:25:00,False,active
2,GriddyThemTiddies,Cam Little,K,JAX,K,10.0,7.96,CIN,12.0,100.0,2025-09-14 17:00:00,False,active
2,GriddyThemTiddies,Cade Otton,TE,TB,BE,5.5,8.2,HOU,11.0,100.0,2025-09-15 23:00:00,False,active
2,SaquonDeese,Saquon Barkley,RB,PHI,RB,17.4,18.46,KC,17.0,100.0,2025-09-14 20:25:00,False,active
2,SaquonDeese,Chase Brown,RB,CIN,RB,8.5,17.89,JAX,5.0,100.0,2025-09-14 17:00:00,False,active
2,SaquonDeese,Jalen Hurts,QB,PHI,QB,11.54,20.69,KC,13.0,100.0,2025-09-14 20:25:00,False,active
2,SaquonDeese,Xavier Worthy,WR,KC,BE,0.0,0.0,PHI,6.0,100.0,2025-09-14 20:25:00,False,inactive
2,SaquonDeese,Tetairoa McMillan,WR,CAR,BE,16.0,13.49,ARI,19.0,100.0,2025-09-14 20:05:00,False,active
2,SaquonDeese,Jerry Jeudy,WR,CLE,RB/WR/TE,9.1,13.56,BAL,28.0,100.0,2025-09-14 17:00:00,False,active
2,SaquonDeese,Emeka Egbuka,WR,TB,WR,12.9,15.01,HOU,2.0,100.0,2025-09-15 23:00:00,False,active
2,SaquonDeese,Kaleb Johnson,RB,PIT,BE,5.9,8.46,SEA,12.0,100.0,2025-09-14 17:00:00,False,active
2,SaquonDeese,Tucker Kraft,TE,GB,TE,24.4,9.83,WSH,28.0,100.0,2025-09-12 00:15:00,False,active
2,SaquonDeese,Broncos D/ST,D/ST,DEN,D/ST,-2.0,8.84,IND,8.0,100.0,2025-09-14 20:05:00,False,active
2,SaquonDeese,Chase McLaughlin,K,TB,K,1.0,8.28,HOU,1.0,100.0,2025-09-15 23:00:00,False,active
2,SaquonDeese,Quinshon Judkins,RB,CLE,BE,10.1,3.02,BAL,22.0,100.0,2025-09-14 17:00:00,False,active
2,SaquonDeese,Hollywood Brown,WR,KC,WR,8.0,13.1,PHI,6.0,100.0,2025-09-14 20:25:00,False,active
2,SaquonDeese,Brenton Strange,TE,JAX,BE,4.7,8.74,CIN,32.0,100.0,2025-09-14 17:00:00,False,active
2,SaquonDeese,Kayshon Boutte,WR,NE,BE,8.6,9.58,MIA,8.0,100.0,2025-09-14 17:00:00,False,active
2,Naberhood Watch,Malik Nabers,WR,NYG,WR,37.7,18.33,DAL,31.0,100.0,2025-09-14 17:00:00,False,active
2,Naberhood Watch,De'Von Achane,RB,MIA,RB,26.2,18.69,NE,9.0,100.0,2025-09-14 17:00:00,False,active
2,Naberhood Watch,Davante Adams,WR,LAR,BE,22.6,15.14,TEN,27.0,100.0,2025-09-14 17:00:00,False,active
2,Naberhood Watch,Marvin Harrison Jr.,WR,ARI,RB/WR/TE,4.7,13.99,CAR,3.0,100.0,2025-09-14 20:05:00,False,active
2,Naberhood Watch,Zay Flowers,WR,BAL,WR,14.9,14.12,CLE,13.0,100.0,2025-09-14 17:00:00,False,active
2,Naberhood Watch,Sam LaPorta,TE,DET,TE,5.6,11.15,CHI,15.0,100.0,2025-09-14 17:00:00,False,active
2,Naberhood Watch,Kyler Murray,QB,ARI,QB,14.0,19.21,CAR,6.0,100.0,2025-09-14 20:05:00,False,active
2,Naberhood Watch,Chris Olave,WR,NO,BE,11.4,12.55,SF,21.0,100.0,2025-09-14 17:00:00,False,active
2,Naberhood Watch,Rhamondre Stevenson,RB,NE,RB,21.2,11.63,MIA,29.0,100.0,2025-09-14 17:00:00,False,active
2,Naberhood Watch,Ravens D/ST,D/ST,BAL,D/ST,18.0,9.49,CLE,31.0,100.0,2025-09-14 17:00:00,False,active
2,Naberhood Watch,Jake Bates,K,DET,K,9.0,8.5,CHI,6.0,100.0,2025-09-14 17:00:00,False,active
2,Naberhood Watch,Zach Ertz,TE,WSH,BE,18.4,9.3,GB,10.0,100.0,2025-09-12 00:15:00,False,active
2,Naberhood Watch,Cam Ward,QB,TEN,BE,9.8,14.96,LAR,14.0,100.0,2025-09-14 17:00:00,False,active
2,Naberhood Watch,Romeo Doubs,WR,GB,BE,11.8,9.76,WSH,23.0,100.0,2025-09-12 00:15:00,False,active
2,Naberhood Watch,Jacory Croskey-Merritt,RB,WSH,BE,1.7,8.42,GB,11.0,100.0,2025-09-12 00:15:00,False,active
2,Philip's Perfect Team,Christian McCaffrey,RB,SF,RB,22.7,21.77,NO,7.0,100.0,2025-09-14 17:00:00,False,active
2,Philip's Perfect Team,Drake London,WR,ATL,WR,5.9,15.39,MIN,1.0,100.0,2025-09-15 00:20:00,False,active
2,Philip's Perfect Team,Tee Higgins,WR,CIN,WR,14.6,14.07,JAX,16.0,100.0,2025-09-14 17:00:00,False,active
2,Philip's Perfect Team,Jaxon Smith-Njigba,WR,SEA,RB/WR/TE,18.3,14.45,PIT,24.0,100.0,2025-09-14 17:00:00,False,active
2,Philip's Perfect Team,Breece Hall,RB,NYJ,RB,5.8,15.36,BUF,26.0,100.0,2025-09-14 17:00:00,False,active
2,Philip's Perfect Team,T.J. Hockenson,TE,MIN,TE,2.2,11.18,ATL,4.0,100.0,2025-09-15 00:20:00,False,active
2,Philip's Perfect Team,Michael Pittman Jr.,WR,IND,BE,8.0,11.77,DEN,9.0,100.0,2025-09-14 20:05:00,False,active
2,Philip's Perfect Team,Brock Purdy,QB,SF,BE,0.0,0.0,NO,8.0,100.0,2025-09-14 17:00:00,False,inactive
2,Philip's Perfect Team,Deebo Samuel,WR,WSH,BE,25.2,18.96,GB,18.0,100.0,2025-09-12 00:15:00,False,active
2,Philip's Perfect Team,Chris Godwin Jr.,WR,TB,BE,0.0,0.0,HOU,2.0,100.0,2025-09-15 23:00:00,False,inactive
2,Philip's Perfect Team,Justin Herbert,QB,LAC,QB,18.78,17.63,LV,16.0,100.0,2025-09-16 02:00:00,False,active
2,Philip's Perfect Team,J.J. McCarthy,QB,MIN,BE,2.82,16.82,ATL,17.0,100.0,2025-09-15 00:20:00,False,active
2,Philip's Perfect Team,Jake Ferguson,TE,DAL,BE,16.8,9.48,NYG,8.0,100.0,2025-09-14 17:00:00,False,active
2,Philip's Perfect Team,Colts D/ST,D/ST,IND,D/ST,2.0,7.98,DEN,6.0,100.0,2025-09-14 20:05:00,False,active
2,Philip's Perfect Team,Harrison Butker,K,KC,K,6.0,8.22,PHI,13.0,100.0,2025-09-14 20:25:00,False,active
2,Jacks Backs,Ja'Marr Chase,WR,CIN,WR,36.5,19.86,JAX,16.0,100.0,2025-09-14 17:00:00,False,active
2,Jacks Backs,Trey McBride,TE,ARI,TE,13.8,15.61,CAR,19.0,100.0,2025-09-14 20:05:00,False,active
2,Jacks Backs,Kyren Williams,RB,LAR,RB,10.0,18.23,TEN,13.0,100.0,2025-09-14 17:00:00,False,active
2,Jacks Backs,James Conner,RB,ARI,RB,12.2,16.38,CAR,23.0,100.0,2025-09-14 20:05:00,False,active
2,Jacks Backs,Courtland Sutton,WR,DEN,WR,1.6,13.73,IND,32.0,100.0,2025-09-14 20:05:00,False,active
2,Jacks Backs,Matthew Golden,WR,GB,BE,1.3,11.17,WSH,23.0,100.0,2025-09-12 00:15:00,False,active
2,Jacks Backs,Bo Nix,QB,DEN,QB,20.24,16.6,IND,18.0,100.0,2025-09-14 20:05:00,False,active
2,Jacks Backs,Keon Coleman,WR,BUF,RB/WR/TE,5.6,12.48,NYJ,12.0,100.0,2025-09-14 17:00:00,False,active
2,Jacks Backs,Cam Skattebo,RB,NYG,BE,13.9,4.75,DAL,30.0,100.0,2025-09-14 17:00:00,False,active
2,Jacks Backs,Bhayshul Tuten,RB,JAX,BE,18.0,12.05,CIN,31.0,100.0,2025-09-14 17:00:00,False,active
2,Jacks Backs,Xavier Legette,WR,CAR,BE,0.8,10.91,ARI,19.0,100.0,2025-09-14 20:05:00,False,active
2,Jacks Backs,Dalton Kincaid,TE,BUF,BE,7.7,7.54,NYJ,26.0,100.0,2025-09-14 17:00:00,False,active
2,Jacks Backs,Seahawks D/ST,D/ST,SEA,D/ST,18.0,7.37,PIT,16.0,100.0,2025-09-14 17:00:00,False,active
2,Jacks Backs,Tyler Bass,K,BUF,IR,0.0,0.0,NYJ,31.0,100.0,2025-09-14 17:00:00,False,inactive
2,Jacks Backs,Ray Davis,RB,BUF,BE,2.4,3.67,NYJ,32.0,100.0,2025-09-14 17:00:00,False,active
2,Jacks Backs,Matt Prater,K,BUF,K,14.0,8.67,NYJ,31.0,100.0,2025-09-14 17:00:00,False,active
2,Tyler's Football Team,A.J. Brown,WR,PHI,WR,7.7,15.8,KC,4.0,100.0,2025-09-14 20:25:00,False,active
2,Tyler's Football Team,Derrick Henry,RB,BAL,RB,2.3,17.91,CLE,16.0,100.0,2025-09-14 17:00:00,False,active
2,Tyler's Football Team,Terry McLaurin,WR,WSH,WR,9.8,13.99,GB,18.0,100.0,2025-09-12 00:15:00,False,active
2,Tyler's Football Team,Patrick Mahomes,QB,KC,QB,22.08,19.41,PHI,10.0,100.0,2025-09-14 20:25:00,False,active
2,Tyler's Football Team,Tony Pollard,RB,TEN,RB,9.2,14.4,LAR,3.0,100.0,2025-09-14 17:00:00,False,active
2,Tyler's Football Team,Calvin Ridley,WR,TEN,RB/WR/TE,8.7,13.53,LAR,20.0,100.0,2025-09-14 17:00:00,False,active
2,Tyler's Football Team,Jaylen Warren,RB,PIT,BE,17.4,14.81,SEA,12.0,100.0,2025-09-14 17:00:00,False,active
2,Tyler's Football Team,Khalil Shakir,WR,BUF,BE,2.2,11.86,NYJ,12.0,100.0,2025-09-14 17:00:00,False,active
2,Tyler's Football Team,Jauan Jennings,WR,SF,BE,19.9,11.76,NO,7.0,100.0,2025-09-14 17:00:00,False,active
2,Tyler's Football Team,Jerome Ford,RB,CLE,BE,18.5,5.96,BAL,22.0,100.0,2025-09-14 17:00:00,False,active
2,Tyler's Football Team,Justin Fields,QB,NYJ,BE,3.98,19.25,BUF,4.0,100.0,2025-09-14 17:00:00,False,active
2,Tyler's Football Team,Chris Boswell,K,PIT,K,12.0,8.22,SEA,5.0,100.0,2025-09-14 17:00:00,False,active
2,Tyler's Football Team,Tyler Allgeier,RB,ATL,BE,15.0,4.2,MIN,6.0,100.0,2025-09-15 00:20:00,False,active
2,Tyler's Football Team,Rams D/ST,D/ST,LAR,D/ST,9.0,9.03,TEN,29.0,100.0,2025-09-14 17:00:00,False,active
2,Tyler's Football Team,Juwan Johnson,TE,NO,TE,15.9,9.14,SF,24.0,100.0,2025-09-14 17:00:00,False,active
2,"you won't, but Drake Maye",CeeDee Lamb,WR,DAL,WR,20.2,18.8,NYG,22.0,100.0,2025-09-14 17:00:00,False,active
2,"you won't, but Drake Maye",Bucky Irving,RB,TB,RB,18.1,15.93,HOU,20.0,100.0,2025-09-15 23:00:00,False,active
2,"you won't, but Drake Maye",James Cook III,RB,BUF,BE,26.5,15.37,NYJ,32.0,100.0,2025-09-14 17:00:00,False,active
2,"you won't, but Drake Maye",Omarion Hampton,RB,LAC,BE,3.5,15.72,LV,15.0,100.0,2025-09-16 02:00:00,False,active
2,"you won't, but Drake Maye",DK Metcalf,WR,PIT,WR,11.0,14.71,SEA,5.0,100.0,2025-09-14 17:00:00,False,active
2,"you won't, but Drake Maye",Ricky Pearsall,WR,SF,RB/WR/TE,9.2,13.21,NO,7.0,100.0,2025-09-14 17:00:00,False,active
2,"you won't, but Drake Maye",David Njoku,TE,CLE,TE,8.0,10.49,BAL,9.0,100.0,2025-09-14 17:00:00,False,active
2,"you won't, but Drake Maye",Stefon Diggs,WR,NE,BE,7.2,10.06,MIA,8.0,100.0,2025-09-14 17:00:00,False,active
2,"you won't, but Drake Maye",Jordan Addison,WR,MIN,BE,0.0,0.0,ATL,26.0,100.0,2025-09-15 00:20:00,False,inactive
2,"you won't, but Drake Maye",Travis Etienne Jr.,RB,JAX,RB,16.9,13.57,CIN,31.0,100.0,2025-09-14 17:00:00,False,active
2,"you won't, but Drake Maye",Drake Maye,QB,NE,QB,26.3,17.72,MIA,23.0,100.0,2025-09-14 17:00:00,False,active
2,"you won't, but Drake Maye",Patriots D/ST,D/ST,NE,D/ST,13.0,6.31,MIA,23.0,100.0,2025-09-14 17:00:00,False,active
2,"you won't, but Drake Maye",Tyjae Spears,RB,TEN,IR,0.0,0.0,LAR,3.0,100.0,2025-09-14 17:00:00,False,inactive
2,"you won't, but Drake Maye",Eddy Pineiro,K,SF,K,9.5,8.18,NO,29.0,100.0,2025-09-14 17:00:00,False,active
2,"you won't, but Drake Maye",Michael Penix Jr.,QB,ATL,BE,5.3,14.67,MIN,1.0,100.0,2025-09-15 00:20:00,False,active
2,"you won't, but Drake Maye",Dylan Sampson,RB,CLE,BE,10.9,11.86,BAL,22.0,100.0,2025-09-14 17:00:00,False,active
3,Hurts So Good,Jahmyr Gibbs,RB,DET,RB,26.9,17.9,BAL,22.0,100.0,2025-09-23 00:15:00,False,active
3,Hurts So Good,DeVonta Smith,WR,PHI,WR,20.0,12.45,LAR,20.0,100.0,2025-09-21 17:00:00,False,active
3,Hurts So Good,Lamar Jackson,QB,BAL,QB,27.02,23.64,DET,24.0,100.0,2025-09-23 00:15:00,False,active
3,Hurts So Good,Mike Evans,WR,TB,WR,13.3,14.67,NYJ,12.0,100.0,2025-09-21 17:00:00,False,active
3,Hurts So Good,D'Andre Swift,RB,CHI,RB,10.8,16.18,DAL,30.0,100.0,2025-09-21 20:25:00,False,active
3,Hurts So Good,Mark Andrews,TE,BAL,TE,27.1,9.34,DET,18.0,100.0,2025-09-23 00:15:00,False,active
3,Hurts So Good,Rome Odunze,WR,CHI,RB/WR/TE,15.2,15.33,DAL,31.0,100.0,2025-09-21 20:25:00,False,active
3,Hurts So Good,J.K. Dobbins,RB,DEN,BE,15.3,11.75,LAC,4.0,100.0,2025-09-21 20:05:00,False,active
3,Hurts So Good,Cooper Kupp,WR,SEA,BE,5.1,10.51,NO,7.0,100.0,2025-09-21 20:05:00,False,active
3,Hurts So Good,Keenan Allen,WR,LAC,BE,19.5,13.36,DEN,9.0,100.0,2025-09-21 20:05:00,False,active
3,Hurts So Good,Texans D/ST,D/ST,HOU,D/ST,9.0,7.14,JAX,11.0,100.0,2025-09-21 17:00:00,False,active
3,Hurts So Good,Jared Goff,QB,DET,BE,12.68,16.43,BAL,21.0,100.0,2025-09-23 00:15:00,False,active
3,Hurts So Good,Jake Elliott,K,PHI,K,3.0,8.51,LAR,10.0,100.0,2025-09-21 17:00:00,False,active
3,Hurts So Good,Hunter Henry,TE,NE,BE,29.0,9.08,PIT,29.0,100.0,2025-09-21 17:00:00,False,active
3,Hurts So Good,Brandon Aiyuk,WR,SF,BE,0.0,0.0,ARI,19.0,100.0,2025-09-21 20:25:00,False,inactive
3,Team Beil,Amon-Ra St. Brown,WR,DET,WR,20.7,19.49,BAL,28.0,100.0,2025-09-23 00:15:00,False,active
3,Team Beil,Josh Jacobs,RB,GB,RB,12.4,16.87,CLE,16.0,100.0,2025-09-21 17:00:00,False,active
3,Team Beil,Jayden Daniels,QB,WSH,BE,0.0,0.0,LV,16.0,100.0,2025-09-21 17:00:00,False,inactive
3,Team Beil,TreVeyon Henderson,RB,NE,RB,14.5,10.5,PIT,14.0,100.0,2025-09-21 17:00:00,False,active
3,Team Beil,George Pickens,WR,DAL,WR,17.8,12.97,CHI,29.0,100.0,2025-09-21 20:25:00,False,active
3,Team Beil,Evan Engram,TE,DEN,BE,0.0,0.0,LAC,5.0,100.0,2025-09-21 20:05:00,False,inactive
3,Team Beil,Tyrone Tracy Jr.,RB,NYG,RB/WR/TE,5.6,15.5,KC,17.0,100.0,2025-09-22 00:20:00,False,active
3,Team Beil,Dak Prescott,QB,DAL,QB,12.04,18.46,CHI,22.0,100.0,2025-09-21 20:25:00,False,active
3,Team Beil,Steelers D/ST,D/ST,PIT,D/ST,18.0,7.57,NE,9.0,100.0,2025-09-21 17:00:00,False,active
3,Team Beil,Cameron Dicker,K,LAC,K,12.0,8.36,DEN,21.0,100.0,2025-09-21 20:05:00,False,active
3,Team Beil,Rachaad White,RB,TB,BE,2.4,7.21,NYJ,32.0,100.0,2025-09-21 17:00:00,False,active
3,Team Beil,Christian Kirk,WR,HOU,BE,5.5,9.22,JAX,16.0,100.0,2025-09-21 17:00:00,False,active
3,Team Beil,Brian Robinson Jr.,RB,SF,BE,2.2,6.96,ARI,28.0,100.0,2025-09-21 20:25:00,False,active
3,Team Beil,Joshua Palmer,WR,BUF,BE,1.5,7.16,MIA,8.0,100.0,2025-09-19 00:15:00,False,active
3,Team Beil,Pat Freiermuth,TE,PIT,TE,1.6,7.32,NE,20.0,100.0,2025-09-21 17:00:00,False,active
3,Glock Purdy,Puka Nacua,WR,LAR,WR,22.8,19.48,PHI,6.0,100.0,2025-09-21 17:00:00,False,active
3,Glock Purdy,Nico Collins,WR,HOU,WR,22.4,16.87,JAX,16.0,100.0,2025-09-21 17:00:00,False,active
3,Glock Purdy,Joe Burrow,QB,CIN,IR,0.0,0.0,MIN,1.0,100.0,2025-09-21 17:00:00,False,inactive
3,Glock Purdy,Alvin Kamara,RB,NO,RB,6.6,15.44,SEA,12.0,100.0,2025-09-21 20:05:00,False,active
3,Glock Purdy,Aaron Jones Sr.,RB,MIN,BE,0.0,0.0,CIN,31.0,100.0,2025-09-21 17:00:00,False,inactive
3,Glock Purdy,Jaylen Waddle,WR,MIA,BE,14.9,12.68,BUF,11.0,100.0,2025-09-19 00:15:00,False,active
3,Glock Purdy,Travis Kelce,TE,KC,TE,6.6,11.36,NYG,8.0,100.0,2025-09-22 00:20:00,False,active
3,Glock Purdy,Darnell Mooney,WR,ATL,BE,8.4,10.56,CAR,3.0,100.0,2025-09-21 17:00:00,False,active
3,Glock Purdy,Jordan Mason,RB,MIN,RB,23.6,14.66,CIN,31.0,100.0,2025-09-21 17:00:00,False,active
3,Glock Purdy,Vikings D/ST,D/ST,MIN,D/ST,33.0,8.84,CIN,26.0,100.0,2025-09-21 17:00:00,False,active
3,Glock Purdy,Ka'imi Fairbairn,K,HOU,K,3.0,7.72,JAX,2.0,100.0,2025-09-21 17:00:00,False,active
3,Glock Purdy,Joe Mixon,RB,HOU,BE,0.0,0.0,JAX,5.0,100.0,2025-09-21 17:00:00,False,inactive
3,Glock Purdy,Wan'Dale Robinson,WR,NYG,RB/WR/TE,3.6,14.36,KC,4.0,100.0,2025-09-22 00:20:00,False,active
3,Glock Purdy,Quentin Johnston,WR,LAC,BE,14.9,12.66,DEN,9.0,100.0,2025-09-21 20:05:00,False,active
3,Glock Purdy,Daniel Jones,QB,IND,QB,15.82,18.19,TEN,28.0,100.0,2025-09-21 17:00:00,False,active
3,Montgomery Beer,Ashton Jeanty,RB,LV,RB,6.3,15.4,WSH,24.0,100.0,2025-09-21 17:00:00,False,active
3,Montgomery Beer,Brian Thomas Jr.,WR,JAX,BE,7.5,15.34,HOU,2.0,100.0,2025-09-21 17:00:00,False,active
3,Montgomery Beer,Tyreek Hill,WR,MIA,WR,15.9,14.36,BUF,11.0,100.0,2025-09-19 00:15:00,False,active
3,Montgomery Beer,George Kittle,TE,SF,IR,0.0,0.0,ARI,31.0,100.0,2025-09-21 20:25:00,False,inactive
3,Montgomery Beer,Baker Mayfield,QB,TB,QB,17.72,18.59,NYJ,31.0,100.0,2025-09-21 17:00:00,False,active
3,Montgomery Beer,David Montgomery,RB,DET,RB/WR/TE,29.4,12.84,BAL,22.0,100.0,2025-09-23 00:15:00,False,active
3,Montgomery Beer,Rashee Rice,WR,KC,BE,0.0,0.0,NYG,22.0,100.0,2025-09-22 00:20:00,False,inactive
3,Montgomery Beer,Javonte Williams,RB,DAL,RB,12.2,16.14,CHI,18.0,100.0,2025-09-21 20:25:00,False,active
3,Montgomery Beer,Brandon Aubrey,K,DAL,K,8.0,8.71,CHI,6.0,100.0,2025-09-21 20:25:00,False,active
3,Montgomery Beer,Rashid Shaheed,WR,SEA,WR,12.2,12.3,NO,7.0,100.0,2025-09-21 20:05:00,False,active
3,Montgomery Beer,Jordan Love,QB,GB,BE,11.12,16.0,CLE,5.0,100.0,2025-09-21 17:00:00,False,active
3,Montgomery Beer,Cedric Tillman,WR,CLE,BE,5.6,9.66,GB,18.0,100.0,2025-09-21 17:00:00,False,active
3,Montgomery Beer,Braelon Allen,RB,NYJ,BE,14.3,4.06,TB,19.0,100.0,2025-09-21 17:00:00,False,active
3,Montgomery Beer,Bills D/ST,D/ST,BUF,D/ST,4.0,8.0,MIA,23.0,100.0,2025-09-19 00:15:00,False,active
3,Montgomery Beer,Nick Chubb,RB,HOU,BE,7.0,11.92,JAX,5.0,100.0,2025-09-21 17:00:00,False,active
3,Montgomery Beer,Jonnu Smith,TE,PIT,TE,5.3,9.62,NE,20.0,100.0,2025-09-21 17:00:00,False,active
3,White Corners Klub,Bijan Robinson,RB,ATL,RB,16.1,20.99,CAR,23.0,100.0,2025-09-21 17:00:00,False,active
3,White Corners Klub,Ladd McConkey,WR,LAC,WR,9.1,14.57,DEN,9.0,100.0,2025-09-21 20:05:00,False,active
3,White Corners Klub,Josh Allen,QB,BUF,QB,23.02,23.96,MIA,23.0,100.0,2025-09-19 00:15:00,False,active
3,White Corners Klub,DJ Moore,WR,CHI,BE,12.8,12.94,DAL,31.0,100.0,2025-09-21 20:25:00,False,active
3,White Corners Klub,Kenneth Walker III,RB,SEA,RB,18.0,16.42,NO,7.0,100.0,2025-09-21 20:05:00,False,active
3,White Corners Klub,Jameson Williams,WR,DET,RB/WR/TE,6.3,12.91,BAL,28.0,100.0,2025-09-23 00:15:00,False,active
3,White Corners Klub,RJ Harvey,RB,DEN,BE,7.3,10.2,LAC,4.0,100.0,2025-09-21 20:05:00,False,active
3,White Corners Klub,Tyler Warren,TE,IND,TE,6.8,11.62,TEN,21.0,100.0,2025-09-21 17:00:00,False,active
3,White Corners Klub,Zach Charbonnet,RB,SEA,BE,0.0,0.0,NO,7.0,100.0,2025-09-21 20:05:00,False,inactive
3,White Corners Klub,Kyle Pitts Sr.,TE,ATL,BE,7.9,9.45,CAR,19.0,100.0,2025-09-21 17:00:00,False,active
3,White Corners Klub,Trey Benson,RB,ARI,BE,8.1,8.89,SF,25.0,100.0,2025-09-21 20:25:00,False,active
3,White Corners Klub,Marvin Mims Jr.,WR,DEN,WR,18.4,13.96,LAC,15.0,100.0,2025-09-21 20:05:00,False,active
3,White Corners Klub,Tyler Loop,K,BAL,K,7.0,8.69,DET,19.0,100.0,2025-09-23 00:15:00,False,active
3,White Corners Klub,Packers D/ST,D/ST,GB,D/ST,10.0,9.6,CLE,31.0,100.0,2025-09-21 17:00:00,False,active
3,White Corners Klub,Troy Franklin,WR,DEN,BE,2.8,10.84,LAC,15.0,100.0,2025-09-21 20:05:00,False,active
3,SaquonDeese,Saquon Barkley,RB,PHI,RB,9.5,18.62,LAR,3.0,100.0,2025-09-21 17:00:00,False,active
3,SaquonDeese,Chase Brown,RB,CIN,RB,6.0,16.63,MIN,6.0,100.0,2025-09-21 17:00:00,False,active
3,SaquonDeese,Jalen Hurts,QB,PHI,QB,29.04,20.53,LAR,14.0,100.0,2025-09-21 17:00:00,False,active
3,SaquonDeese,Xavier Worthy,WR,KC,BE,0.0,0.0,NYG,22.0,100.0,2025-09-22 00:20:00,False,inactive
3,SaquonDeese,Tetairoa McMillan,WR,CAR,RB/WR/TE,7.8,13.18,ATL,26.0,100.0,2025-09-21 17:00:00,False,active
3,SaquonDeese,Jerry Jeudy,WR,CLE,BE,2.7,12.04,GB,18.0,100.0,2025-09-21 17:00:00,False,active
3,SaquonDeese,Emeka Egbuka,WR,TB,WR,14.5,11.46,NYJ,12.0,100.0,2025-09-21 17:00:00,False,active
3,SaquonDeese,Kaleb Johnson,RB,PIT,BE,0.0,0.78,NE,9.0,100.0,2025-09-21 17:00:00,False,inactive
3,SaquonDeese,Tucker Kraft,TE,GB,TE,5.9,11.13,CLE,14.0,100.0,2025-09-21 17:00:00,False,active
3,SaquonDeese,Broncos D/ST,D/ST,DEN,D/ST,9.0,6.21,LAC,22.0,100.0,2025-09-21 20:05:00,False,active
3,SaquonDeese,Chase McLaughlin,K,TB,K,20.0,8.53,NYJ,31.0,100.0,2025-09-21 17:00:00,False,active
3,SaquonDeese,Quinshon Judkins,RB,CLE,BE,16.5,9.43,GB,11.0,100.0,2025-09-21 17:00:00,False,active
3,SaquonDeese,Hollywood Brown,WR,KC,WR,8.2,12.01,NYG,22.0,100.0,2025-09-22 00:20:00,False,active
3,SaquonDeese,Kayshon Boutte,WR,NE,BE,4.8,8.41,PIT,24.0,100.0,2025-09-21 17:00:00,False,active
3,SaquonDeese,Harold Fannin Jr.,TE,CLE,BE,5.5,8.16,GB,10.0,100.0,2025-09-21 17:00:00,False,active
3,GriddyThemTiddies,Justin Jefferson,WR,MIN,WR,12.5,19.01,CIN,10.0,100.0,2025-09-21 17:00:00,False,active
3,GriddyThemTiddies,Jonathan Taylor,RB,IND,RB,32.8,18.71,TEN,13.0,100.0,2025-09-21 17:00:00,False,active
3,GriddyThemTiddies,Brock Bowers,TE,LV,TE,9.8,14.92,WSH,28.0,100.0,2025-09-21 17:00:00,False,active
3,GriddyThemTiddies,Chuba Hubbard,RB,CAR,RB,9.6,14.69,ATL,10.0,100.0,2025-09-21 17:00:00,False,active
3,GriddyThemTiddies,Garrett Wilson,WR,NYJ,WR,24.4,15.66,TB,17.0,100.0,2025-09-21 17:00:00,False,active
3,GriddyThemTiddies,Travis Hunter,WR,JAX,BE,3.1,11.52,HOU,2.0,100.0,2025-09-21 17:00:00,False,active
3,GriddyThemTiddies,Isiah Pacheco,RB,KC,BE,5.8,11.05,NYG,27.0,100.0,2025-09-22 00:20:00,False,active
3,GriddyThemTiddies,Jakobi Meyers,WR,JAX,RB/WR/TE,9.3,14.66,HOU,2.0,100.0,2025-09-21 17:00:00,False,active
3,GriddyThemTiddies,Caleb Williams,QB,CHI,QB,29.12,19.15,DAL,32.0,100.0,2025-09-21 20:25:00,False,active
3,GriddyThemTiddies,Tank Bigsby,RB,PHI,BE,2.4,1.73,LAR,3.0,100.0,2025-09-21 17:00:00,False,active
3,GriddyThemTiddies,Jayden Reed,WR,GB,BE,0.0,0.0,CLE,13.0,100.0,2025-09-21 17:00:00,False,inactive
3,GriddyThemTiddies,Dallas Goedert,TE,PHI,IR,10.3,8.94,LAR,16.0,100.0,2025-09-21 17:00:00,False,active
3,GriddyThemTiddies,Matthew Stafford,QB,LAR,BE,13.84,15.97,PHI,10.0,100.0,2025-09-21 17:00:00,False,active
3,GriddyThemTiddies,Eagles D/ST,D/ST,PHI,D/ST,13.0,6.74,LAR,1.0,100.0,2025-09-21 17:00:00,False,active
3,GriddyThemTiddies,Cam Little,K,JAX,K,4.0,8.04,HOU,1.0,100.0,2025-09-21 17:00:00,False,active
3,GriddyThemTiddies,Cade Otton,TE,TB,BE,0.0,7.23,NYJ,26.0,100.0,2025-09-21 17:00:00,False,active
3,Philip's Perfect Team,Christian McCaffrey,RB,SF,RB,24.0,20.97,ARI,28.0,100.0,2025-09-21 20:25:00,False,active
3,Philip's Perfect Team,Drake London,WR,ATL,WR,10.5,15.54,CAR,3.0,100.0,2025-09-21 17:00:00,False,active
3,Philip's Perfect Team,Tee Higgins,WR,CIN,WR,2.5,12.05,MIN,1.0,100.0,2025-09-21 17:00:00,False,active
3,Philip's Perfect Team,Jaxon Smith-Njigba,WR,SEA,RB/WR/TE,20.6,15.46,NO,7.0,100.0,2025-09-21 20:05:00,False,active
3,Philip's Perfect Team,Breece Hall,RB,NYJ,RB,9.2,15.94,TB,19.0,100.0,2025-09-21 17:00:00,False,active
3,Philip's Perfect Team,T.J. Hockenson,TE,MIN,TE,15.9,10.1,CIN,32.0,100.0,2025-09-21 17:00:00,False,active
3,Philip's Perfect Team,Michael Pittman Jr.,WR,IND,BE,19.3,10.5,TEN,27.0,100.0,2025-09-21 17:00:00,False,active
3,Philip's Perfect Team,Brock Purdy,QB,SF,BE,0.0,0.0,ARI,19.0,100.0,2025-09-21 20:25:00,False,inactive
3,Philip's Perfect Team,Deebo Samuel,WR,WSH,BE,14.2,17.49,LV,25.0,100.0,2025-09-21 17:00:00,False,active
3,Philip's Perfect Team,Chris Godwin Jr.,WR,TB,BE,0.0,0.0,NYJ,12.0,100.0,2025-09-21 17:00:00,False,inactive
3,Philip's Perfect Team,Justin Herbert,QB,LAC,QB,14.6,18.43,DEN,9.0,100.0,2025-09-21 20:05:00,False,active
3,Philip's Perfect Team,J.J. McCarthy,QB,MIN,BE,0.0,0.0,CIN,26.0,100.0,2025-09-21 17:00:00,False,inactive
3,Philip's Perfect Team,Jake Ferguson,TE,DAL,BE,21.2,11.39,CHI,15.0,100.0,2025-09-21 20:25:00,False,active
3,Philip's Perfect Team,Colts D/ST,D/ST,IND,D/ST,16.0,8.59,TEN,29.0,100.0,2025-09-21 17:00:00,False,active
3,Philip's Perfect Team,Harrison Butker,K,KC,K,11.5,8.21,NYG,23.0,100.0,2025-09-22 00:20:00,False,active
3,Naberhood Watch,Malik Nabers,WR,NYG,WR,3.3,19.8,KC,4.0,100.0,2025-09-22 00:20:00,False,active
3,Naberhood Watch,De'Von Achane,RB,MIA,RB,16.1,19.35,BUF,26.0,100.0,2025-09-19 00:15:00,False,active
3,Naberhood Watch,Davante Adams,WR,LAR,BE,14.6,16.47,PHI,6.0,100.0,2025-09-21 17:00:00,False,active
3,Naberhood Watch,Marvin Harrison Jr.,WR,ARI,RB/WR/TE,7.4,12.73,SF,21.0,100.0,2025-09-21 20:25:00,False,active
3,Naberhood Watch,Zay Flowers,WR,BAL,WR,3.3,15.94,DET,30.0,100.0,2025-09-23 00:15:00,False,active
3,Naberhood Watch,Sam LaPorta,TE,DET,TE,7.3,11.87,BAL,9.0,100.0,2025-09-23 00:15:00,False,active
3,Naberhood Watch,Kyler Murray,QB,ARI,QB,14.06,17.85,SF,20.0,100.0,2025-09-21 20:25:00,False,active
3,Naberhood Watch,Chris Olave,WR,NO,BE,15.7,12.62,SEA,5.0,100.0,2025-09-21 20:05:00,False,active
3,Naberhood Watch,Rhamondre Stevenson,RB,NE,RB,4.6,11.86,PIT,14.0,100.0,2025-09-21 17:00:00,False,active
3,Naberhood Watch,Ravens D/ST,D/ST,BAL,D/ST,-4.0,5.29,DET,5.0,100.0,2025-09-23 00:15:00,False,active
3,Naberhood Watch,Jake Bates,K,DET,K,8.0,8.43,BAL,25.0,100.0,2025-09-23 00:15:00,False,active
3,Naberhood Watch,Zach Ertz,TE,WSH,BE,6.8,9.55,LV,3.0,100.0,2025-09-21 17:00:00,False,active
3,Naberhood Watch,Cam Ward,QB,TEN,BE,11.96,14.13,IND,18.0,100.0,2025-09-21 17:00:00,False,active
3,Naberhood Watch,Romeo Doubs,WR,GB,BE,4.5,10.39,CLE,13.0,100.0,2025-09-21 17:00:00,False,active
3,Naberhood Watch,Jacory Croskey-Merritt,RB,WSH,BE,10.1,11.19,LV,15.0,100.0,2025-09-21 17:00:00,False,active
3,Tyler's Football Team,A.J. Brown,WR,PHI,WR,22.9,14.78,LAR,20.0,100.0,2025-09-21 17:00:00,False,active
3,Tyler's Football Team,Derrick Henry,RB,BAL,RB,10.7,16.48,DET,1.0,100.0,2025-09-23 00:15:00,False,active
3,Tyler's Football Team,Terry McLaurin,WR,WSH,WR,10.4,12.87,LV,25.0,100.0,2025-09-21 17:00:00,False,active
3,Tyler's Football Team,Patrick Mahomes,QB,KC,QB,13.16,19.81,NYG,25.0,100.0,2025-09-22 00:20:00,False,active
3,Tyler's Football Team,Tony Pollard,RB,TEN,RB,13.9,14.68,IND,8.0,100.0,2025-09-21 17:00:00,False,active
3,Tyler's Football Team,Calvin Ridley,WR,TEN,RB/WR/TE,3.7,12.98,IND,32.0,100.0,2025-09-21 17:00:00,False,active
3,Tyler's Football Team,Jaylen Warren,RB,PIT,BE,13.1,16.13,NE,9.0,100.0,2025-09-21 17:00:00,False,active
3,Tyler's Football Team,Khalil Shakir,WR,BUF,BE,14.5,11.1,MIA,8.0,100.0,2025-09-19 00:15:00,False,active
3,Tyler's Football Team,Jauan Jennings,WR,SF,BE,0.0,0.0,ARI,19.0,100.0,2025-09-21 20:25:00,False,inactive
3,Tyler's Football Team,Jerome Ford,RB,CLE,BE,5.0,9.75,GB,11.0,100.0,2025-09-21 17:00:00,False,active
3,Tyler's Football Team,Justin Fields,QB,NYJ,BE,0.0,0.0,TB,29.0,100.0,2025-09-21 17:00:00,False,inactive
3,Tyler's Football Team,Chris Boswell,K,PIT,K,3.0,8.23,NE,4.0,100.0,2025-09-21 17:00:00,False,active
3,Tyler's Football Team,Tyler Allgeier,RB,ATL,BE,1.4,6.65,CAR,23.0,100.0,2025-09-21 17:00:00,False,active
3,Tyler's Football Team,Rams D/ST,D/ST,LAR,D/ST,7.0,6.48,PHI,14.0,100.0,2025-09-21 17:00:00,False,active
3,Tyler's Football Team,Juwan Johnson,TE,NO,TE,11.1,10.58,SEA,22.0,100.0,2025-09-21 20:05:00,False,active
3,Jacks Backs,Ja'Marr Chase,WR,CIN,WR,8.9,18.1,MIN,1.0,100.0,2025-09-21 17:00:00,False,active
3,Jacks Backs,Trey McBride,TE,ARI,TE,15.3,16.09,SF,24.0,100.0,2025-09-21 20:25:00,False,active
3,Jacks Backs,Kyren Williams,RB,LAR,RB,19.2,15.51,PHI,21.0,100.0,2025-09-21 17:00:00,False,active
3,Jacks Backs,James Conner,RB,ARI,RB,6.7,13.43,SF,25.0,100.0,2025-09-21 20:25:00,False,active
3,Jacks Backs,Courtland Sutton,WR,DEN,WR,23.8,12.57,LAC,15.0,100.0,2025-09-21 20:05:00,False,active
3,Jacks Backs,Matthew Golden,WR,GB,BE,10.9,9.66,CLE,13.0,100.0,2025-09-21 17:00:00,False,active
3,Jacks Backs,Bo Nix,QB,DEN,QB,13.42,16.04,LAC,2.0,100.0,2025-09-21 20:05:00,False,active
3,Jacks Backs,Keon Coleman,WR,BUF,RB/WR/TE,5.0,12.58,MIA,8.0,100.0,2025-09-19 00:15:00,False,active
3,Jacks Backs,Cam Skattebo,RB,NYG,BE,24.1,10.13,KC,17.0,100.0,2025-09-22 00:20:00,False,active
3,Jacks Backs,Bhayshul Tuten,RB,JAX,BE,8.1,7.23,HOU,20.0,100.0,2025-09-21 17:00:00,False,active
3,Jacks Backs,Xavier Legette,WR,CAR,BE,0.0,0.0,ATL,26.0,100.0,2025-09-21 17:00:00,False,inactive
3,Jacks Backs,Dalton Kincaid,TE,BUF,BE,17.6,8.72,MIA,30.0,100.0,2025-09-19 00:15:00,False,active
3,Jacks Backs,Seahawks D/ST,D/ST,SEA,D/ST,18.0,8.47,NO,27.0,100.0,2025-09-21 20:05:00,False,active
3,Jacks Backs,Tyler Bass,K,BUF,IR,0.0,0.0,MIA,8.0,100.0,2025-09-19 00:15:00,False,inactive
3,Jacks Backs,Ray Davis,RB,BUF,BE,0.0,4.06,MIA,29.0,100.0,2025-09-19 00:15:00,False,active
3,Jacks Backs,Matt Prater,K,BUF,K,7.0,9.07,MIA,8.0,100.0,2025-09-19 00:15:00,False,active
3,"you won't, but Drake Maye",CeeDee Lamb,WR,DAL,WR,0.0,20.0,CHI,29.0,100.0,2025-09-21 20:25:00,False,active
3,"you won't, but Drake Maye",Bucky Irving,RB,TB,RB,13.9,17.89,NYJ,32.0,100.0,2025-09-21 17:00:00,False,active
3,"you won't, but Drake Maye",James Cook III,RB,BUF,RB,20.8,17.23,MIA,29.0,100.0,2025-09-19 00:15:00,False,active
3,"you won't, but Drake Maye",Omarion Hampton,RB,LAC,BE,27.9,12.21,DEN,2.0,100.0,2025-09-21 20:05:00,False,active
3,"you won't, but Drake Maye",DK Metcalf,WR,PIT,BE,12.2,14.51,NE,14.0,100.0,2025-09-21 17:00:00,False,active
3,"you won't, but Drake Maye",Ricky Pearsall,WR,SF,WR,19.7,12.11,ARI,19.0,100.0,2025-09-21 20:25:00,False,active
3,"you won't, but Drake Maye",David Njoku,TE,CLE,TE,9.0,9.4,GB,10.0,100.0,2025-09-21 17:00:00,False,active
3,"you won't, but Drake Maye",Stefon Diggs,WR,NE,BE,5.3,10.45,PIT,24.0,100.0,2025-09-21 17:00:00,False,active
3,"you won't, but Drake Maye",Jordan Addison,WR,MIN,BE,0.0,0.0,CIN,10.0,100.0,2025-09-21 17:00:00,False,inactive
3,"you won't, but Drake Maye",Travis Etienne Jr.,RB,JAX,RB/WR/TE,11.6,12.73,HOU,20.0,100.0,2025-09-21 17:00:00,False,active
3,"you won't, but Drake Maye",Drake Maye,QB,NE,QB,19.22,18.01,PIT,27.0,100.0,2025-09-21 17:00:00,False,active
3,"you won't, but Drake Maye",Patriots D/ST,D/ST,NE,D/ST,4.0,7.38,PIT,16.0,100.0,2025-09-21 17:00:00,False,active
3,"you won't, but Drake Maye",Tyjae Spears,RB,TEN,IR,0.0,0.0,IND,8.0,100.0,2025-09-21 17:00:00,False,inactive
3,"you won't, but Drake Maye",Eddy Pineiro,K,SF,K,12.0,8.23,ARI,32.0,100.0,2025-09-21 20:25:00,False,active
3,"you won't, but Drake Maye",Dylan Sampson,RB,CLE,BE,0.2,4.65,GB,11.0,100.0,2025-09-21 17:00:00,False,active
3,"you won't, but Drake Maye",Chimere Dike,WR,TEN,BE,19.7,16.87,IND,32.0,100.0,2025-09-21 17:00:00,False,active
4,Team Beil,Amon-Ra St. Brown,WR,DET,WR,26.0,17.41,CLE,13.0,100.0,2025-09-28 17:00:00,False,active
4,Team Beil,Josh Jacobs,RB,GB,RB,31.7,18.48,DAL,30.0,100.0,2025-09-29 00:20:00,False,active
4,Team Beil,Jayden Daniels,QB,WSH,BE,0.0,0.0,ATL,17.0,100.0,2025-09-28 17:00:00,False,inactive
4,Team Beil,TreVeyon Henderson,RB,NE,RB,14.6,11.51,CAR,23.0,100.0,2025-09-28 17:00:00,False,active
4,Team Beil,George Pickens,WR,DAL,WR,33.4,14.5,GB,18.0,100.0,2025-09-29 00:20:00,False,active
4,Team Beil,Evan Engram,TE,DEN,TE,6.9,6.24,CIN,32.0,100.0,2025-09-30 00:15:00,False,active
4,Team Beil,Tyrone Tracy Jr.,RB,NYG,BE,0.0,0.0,LAC,4.0,100.0,2025-09-28 17:00:00,False,inactive
4,Team Beil,Dak Prescott,QB,DAL,QB,30.96,14.08,GB,12.0,100.0,2025-09-29 00:20:00,False,active
4,Team Beil,Steelers D/ST,D/ST,PIT,D/ST,10.0,9.34,MIN,30.0,100.0,2025-09-28 13:30:00,False,active
4,Team Beil,Cameron Dicker,K,LAC,K,5.0,8.66,NYG,23.0,100.0,2025-09-28 17:00:00,False,active
4,Team Beil,Rachaad White,RB,TB,BE,8.6,5.57,PHI,21.0,100.0,2025-09-28 17:00:00,False,active
4,Team Beil,Brian Robinson Jr.,RB,SF,BE,2.1,5.2,JAX,5.0,100.0,2025-09-28 20:05:00,False,active
4,Team Beil,Joshua Palmer,WR,BUF,BE,4.5,5.92,NO,7.0,100.0,2025-09-28 17:00:00,False,active
4,Team Beil,Pat Freiermuth,TE,PIT,BE,0.0,5.92,MIN,6.0,100.0,2025-09-28 13:30:00,False,active
4,Team Beil,Rashod Bateman,WR,BAL,RB/WR/TE,3.4,9.86,KC,4.0,100.0,2025-09-28 20:25:00,False,active
4,Montgomery Beer,Ashton Jeanty,RB,LV,RB,33.5,15.46,CHI,18.0,100.0,2025-09-28 20:25:00,False,active
4,Montgomery Beer,Brian Thomas Jr.,WR,JAX,WR,10.6,14.66,SF,21.0,100.0,2025-09-28 20:05:00,False,active
4,Montgomery Beer,Tyreek Hill,WR,MIA,WR,12.7,15.14,NYJ,12.0,100.0,2025-09-29 23:15:00,False,active
4,Montgomery Beer,George Kittle,TE,SF,IR,0.0,0.0,JAX,23.0,100.0,2025-09-28 20:05:00,False,inactive
4,Montgomery Beer,Baker Mayfield,QB,TB,QB,18.86,17.51,PHI,10.0,100.0,2025-09-28 17:00:00,False,active
4,Montgomery Beer,David Montgomery,RB,DET,RB/WR/TE,1.2,12.27,CLE,16.0,100.0,2025-09-28 17:00:00,False,active
4,Montgomery Beer,Rashee Rice,WR,KC,BE,0.0,0.0,BAL,28.0,100.0,2025-09-28 20:25:00,False,inactive
4,Montgomery Beer,Javonte Williams,RB,DAL,RB,19.0,13.88,GB,11.0,100.0,2025-09-29 00:20:00,False,active
4,Montgomery Beer,Brandon Aubrey,K,DAL,K,8.0,8.0,GB,14.0,100.0,2025-09-29 00:20:00,False,active
4,Montgomery Beer,Rashid Shaheed,WR,SEA,BE,10.2,11.25,ARI,19.0,100.0,2025-09-26 00:15:00,False,active
4,Montgomery Beer,Jordan Love,QB,GB,BE,26.28,18.6,DAL,32.0,100.0,2025-09-29 00:20:00,False,active
4,Montgomery Beer,Cedric Tillman,WR,CLE,BE,1.6,8.48,DET,30.0,100.0,2025-09-28 17:00:00,False,active
4,Montgomery Beer,Bills D/ST,D/ST,BUF,D/ST,7.0,8.83,NO,27.0,100.0,2025-09-28 17:00:00,False,active
4,Montgomery Beer,Nick Chubb,RB,HOU,BE,8.2,12.82,TEN,13.0,100.0,2025-09-28 17:00:00,False,active
4,Montgomery Beer,Jonnu Smith,TE,PIT,BE,2.6,7.97,MIN,6.0,100.0,2025-09-28 13:30:00,False,active
4,Montgomery Beer,Chig Okonkwo,TE,TEN,TE,1.4,9.08,HOU,11.0,100.0,2025-09-28 17:00:00,False,active
4,SaquonDeese,Saquon Barkley,RB,PHI,RB,17.4,18.36,TB,19.0,100.0,2025-09-28 17:00:00,False,active
4,SaquonDeese,Chase Brown,RB,CIN,RB,10.1,13.98,DEN,2.0,100.0,2025-09-30 00:15:00,False,active
4,SaquonDeese,Jalen Hurts,QB,PHI,QB,19.4,20.46,TB,29.0,100.0,2025-09-28 17:00:00,False,active
4,SaquonDeese,Xavier Worthy,WR,KC,RB/WR/TE,17.1,12.03,BAL,28.0,100.0,2025-09-28 20:25:00,False,active
4,SaquonDeese,Tetairoa McMillan,WR,CAR,WR,10.2,14.2,NE,14.0,100.0,2025-09-28 17:00:00,False,active
4,SaquonDeese,Jerry Jeudy,WR,CLE,BE,7.8,11.27,DET,30.0,100.0,2025-09-28 17:00:00,False,active
4,SaquonDeese,Emeka Egbuka,WR,TB,WR,20.1,14.89,PHI,6.0,100.0,2025-09-28 17:00:00,False,active
4,SaquonDeese,Tucker Kraft,TE,GB,TE,10.6,11.86,DAL,12.0,100.0,2025-09-29 00:20:00,False,active
4,SaquonDeese,Broncos D/ST,D/ST,DEN,D/ST,11.0,9.76,CIN,26.0,100.0,2025-09-30 00:15:00,False,active
4,SaquonDeese,Chase McLaughlin,K,TB,K,17.0,8.09,PHI,13.0,100.0,2025-09-28 17:00:00,False,active
4,SaquonDeese,Quinshon Judkins,RB,CLE,BE,21.5,13.98,DET,1.0,100.0,2025-09-28 17:00:00,False,active
4,SaquonDeese,Hollywood Brown,WR,KC,BE,12.8,9.04,BAL,28.0,100.0,2025-09-28 20:25:00,False,active
4,SaquonDeese,Kayshon Boutte,WR,NE,BE,2.8,7.02,CAR,3.0,100.0,2025-09-28 17:00:00,False,active
4,SaquonDeese,Harold Fannin Jr.,TE,CLE,BE,4.5,7.47,DET,18.0,100.0,2025-09-28 17:00:00,False,active
4,SaquonDeese,Tre Tucker,WR,LV,BE,4.9,13.66,CHI,29.0,100.0,2025-09-28 20:25:00,False,active
4,Hurts So Good,Jahmyr Gibbs,RB,DET,RB,17.7,19.05,CLE,16.0,100.0,2025-09-28 17:00:00,False,active
4,Hurts So Good,DeVonta Smith,WR,PHI,WR,4.9,11.8,TB,17.0,100.0,2025-09-28 17:00:00,False,active
4,Hurts So Good,Lamar Jackson,QB,BAL,QB,10.68,22.76,KC,13.0,100.0,2025-09-28 20:25:00,False,active
4,Hurts So Good,Mike Evans,WR,TB,BE,0.0,0.0,PHI,6.0,100.0,2025-09-28 17:00:00,False,inactive
4,Hurts So Good,D'Andre Swift,RB,CHI,BE,16.0,15.22,LV,15.0,100.0,2025-09-28 20:25:00,False,active
4,Hurts So Good,Mark Andrews,TE,BAL,TE,10.0,9.19,KC,7.0,100.0,2025-09-28 20:25:00,False,active
4,Hurts So Good,Rome Odunze,WR,CHI,RB/WR/TE,16.9,15.43,LV,25.0,100.0,2025-09-28 20:25:00,False,active
4,Hurts So Good,J.K. Dobbins,RB,DEN,RB,11.5,16.14,CIN,31.0,100.0,2025-09-30 00:15:00,False,active
4,Hurts So Good,Cooper Kupp,WR,SEA,BE,6.6,10.61,ARI,19.0,100.0,2025-09-26 00:15:00,False,active
4,Hurts So Good,Keenan Allen,WR,LAC,WR,8.7,13.57,NYG,22.0,100.0,2025-09-28 17:00:00,False,active
4,Hurts So Good,Texans D/ST,D/ST,HOU,D/ST,13.0,8.82,TEN,29.0,100.0,2025-09-28 17:00:00,False,active
4,Hurts So Good,Jared Goff,QB,DET,BE,12.72,15.11,CLE,5.0,100.0,2025-09-28 17:00:00,False,active
4,Hurts So Good,Jake Elliott,K,PHI,K,7.0,8.24,TB,11.0,100.0,2025-09-28 17:00:00,False,active
4,Hurts So Good,Hunter Henry,TE,NE,BE,11.9,11.17,CAR,19.0,100.0,2025-09-28 17:00:00,False,active
4,Hurts So Good,Brandon Aiyuk,WR,SF,BE,0.0,0.0,JAX,16.0,100.0,2025-09-28 20:05:00,False,inactive
4,Philip's Perfect Team,Christian McCaffrey,RB,SF,RB,26.1,22.19,JAX,5.0,100.0,2025-09-28 20:05:00,False,active
4,Philip's Perfect Team,Drake London,WR,ATL,WR,25.0,14.58,WSH,23.0,100.0,2025-09-28 17:00:00,False,active
4,Philip's Perfect Team,Tee Higgins,WR,CIN,BE,6.2,11.4,DEN,9.0,100.0,2025-09-30 00:15:00,False,active
4,Philip's Perfect Team,Jaxon Smith-Njigba,WR,SEA,RB/WR/TE,13.0,16.45,ARI,19.0,100.0,2025-09-26 00:15:00,False,active
4,Philip's Perfect Team,Breece Hall,RB,NYJ,RB,16.1,16.1,MIA,29.0,100.0,2025-09-29 23:15:00,False,active
4,Philip's Perfect Team,T.J. Hockenson,TE,MIN,TE,7.9,10.12,PIT,29.0,100.0,2025-09-28 13:30:00,False,active
4,Philip's Perfect Team,Michael Pittman Jr.,WR,IND,BE,15.1,11.63,LAR,20.0,100.0,2025-09-28 20:05:00,False,active
4,Philip's Perfect Team,Brock Purdy,QB,SF,BE,17.66,17.3,JAX,15.0,100.0,2025-09-28 20:05:00,False,active
4,Philip's Perfect Team,Deebo Samuel,WR,WSH,WR,20.1,19.75,ATL,26.0,100.0,2025-09-28 17:00:00,False,active
4,Philip's Perfect Team,Chris Godwin Jr.,WR,TB,BE,5.6,10.71,PHI,6.0,100.0,2025-09-28 17:00:00,False,active
4,Philip's Perfect Team,Justin Herbert,QB,LAC,QB,12.52,18.62,NYG,25.0,100.0,2025-09-28 17:00:00,False,active
4,Philip's Perfect Team,J.J. McCarthy,QB,MIN,BE,0.0,0.0,PIT,27.0,100.0,2025-09-28 13:30:00,False,inactive
4,Philip's Perfect Team,Jake Ferguson,TE,DAL,BE,17.0,11.64,GB,10.0,100.0,2025-09-29 00:20:00,False,active
4,Philip's Perfect Team,Colts D/ST,D/ST,IND,D/ST,3.0,6.33,LAR,1.0,100.0,2025-09-28 20:05:00,False,active
4,Philip's Perfect Team,Harrison Butker,K,KC,K,12.0,7.86,BAL,25.0,100.0,2025-09-28 20:25:00,False,active
4,Glock Purdy,Puka Nacua,WR,LAR,WR,36.0,21.8,IND,32.0,100.0,2025-09-28 20:05:00,False,active
4,Glock Purdy,Nico Collins,WR,HOU,WR,11.9,17.79,TEN,27.0,100.0,2025-09-28 17:00:00,False,active
4,Glock Purdy,Joe Burrow,QB,CIN,IR,0.0,0.0,DEN,9.0,100.0,2025-09-30 00:15:00,False,inactive
4,Glock Purdy,Alvin Kamara,RB,NO,RB,11.2,14.17,BUF,26.0,100.0,2025-09-28 17:00:00,False,active
4,Glock Purdy,Aaron Jones Sr.,RB,MIN,BE,0.0,0.0,PIT,14.0,100.0,2025-09-28 13:30:00,False,inactive
4,Glock Purdy,Jaylen Waddle,WR,MIA,BE,7.8,12.32,NYJ,12.0,100.0,2025-09-29 23:15:00,False,active
4,Glock Purdy,Travis Kelce,TE,KC,TE,9.8,11.34,BAL,9.0,100.0,2025-09-28 20:25:00,False,active
4,Glock Purdy,Darnell Mooney,WR,ATL,BE,2.5,10.63,WSH,23.0,100.0,2025-09-28 17:00:00,False,active
4,Glock Purdy,Jordan Mason,RB,MIN,RB,10.2,13.94,PIT,14.0,100.0,2025-09-28 13:30:00,False,active
4,Glock Purdy,Vikings D/ST,D/ST,MIN,D/ST,5.0,8.95,PIT,16.0,100.0,2025-09-28 13:30:00,False,active
4,Glock Purdy,Ka'imi Fairbairn,K,HOU,K,9.0,7.93,TEN,28.0,100.0,2025-09-28 17:00:00,False,active
4,Glock Purdy,Joe Mixon,RB,HOU,BE,0.0,0.0,TEN,13.0,100.0,2025-09-28 17:00:00,False,inactive
4,Glock Purdy,Wan'Dale Robinson,WR,NYG,BE,4.4,11.46,LAC,15.0,100.0,2025-09-28 17:00:00,False,active
4,Glock Purdy,Quentin Johnston,WR,LAC,RB/WR/TE,23.8,13.85,NYG,22.0,100.0,2025-09-28 17:00:00,False,active
4,Glock Purdy,Daniel Jones,QB,IND,QB,10.38,17.63,LAR,14.0,100.0,2025-09-28 20:05:00,False,active
4,Tyler's Football Team,A.J. Brown,WR,PHI,WR,2.7,15.08,TB,17.0,100.0,2025-09-28 17:00:00,False,active
4,Tyler's Football Team,Derrick Henry,RB,BAL,RB,7.8,16.85,KC,17.0,100.0,2025-09-28 20:25:00,False,active
4,Tyler's Football Team,Terry McLaurin,WR,WSH,WR,0.0,0.0,ATL,26.0,100.0,2025-09-28 17:00:00,False,inactive
4,Tyler's Football Team,Patrick Mahomes,QB,KC,QB,27.3,19.3,BAL,21.0,100.0,2025-09-28 20:25:00,False,active
4,Tyler's Football Team,Tony Pollard,RB,TEN,RB,10.6,13.67,HOU,20.0,100.0,2025-09-28 17:00:00,False,active
4,Tyler's Football Team,Calvin Ridley,WR,TEN,RB/WR/TE,5.0,11.21,HOU,2.0,100.0,2025-09-28 17:00:00,False,active
4,Tyler's Football Team,Jaylen Warren,RB,PIT,BE,0.0,0.0,MIN,6.0,100.0,2025-09-28 13:30:00,False,inactive
4,Tyler's Football Team,Khalil Shakir,WR,BUF,BE,18.5,9.17,NO,7.0,100.0,2025-09-28 17:00:00,False,active
4,Tyler's Football Team,Jauan Jennings,WR,SF,BE,6.4,9.8,JAX,16.0,100.0,2025-09-28 20:05:00,False,active
4,Tyler's Football Team,Jerome Ford,RB,CLE,BE,1.3,9.93,DET,1.0,100.0,2025-09-28 17:00:00,False,active
4,Tyler's Football Team,Justin Fields,QB,NYJ,BE,27.14,19.52,MIA,23.0,100.0,2025-09-29 23:15:00,False,active
4,Tyler's Football Team,Chris Boswell,K,PIT,K,5.0,7.87,MIN,22.0,100.0,2025-09-28 13:30:00,False,active
4,Tyler's Football Team,Tyler Allgeier,RB,ATL,BE,11.1,6.49,WSH,24.0,100.0,2025-09-28 17:00:00,False,active
4,Tyler's Football Team,Rams D/ST,D/ST,LAR,D/ST,7.0,7.13,IND,8.0,100.0,2025-09-28 20:05:00,False,active
4,Tyler's Football Team,Juwan Johnson,TE,NO,TE,5.8,11.1,BUF,1.0,100.0,2025-09-28 17:00:00,False,active
4,White Corners Klub,Bijan Robinson,RB,ATL,RB/WR/TE,28.1,19.76,WSH,24.0,100.0,2025-09-28 17:00:00,False,active
4,White Corners Klub,Ladd McConkey,WR,LAC,WR,2.1,12.69,NYG,22.0,100.0,2025-09-28 17:00:00,False,active
4,White Corners Klub,Josh Allen,QB,BUF,QB,24.86,22.67,NO,8.0,100.0,2025-09-28 17:00:00,False,active
4,White Corners Klub,DJ Moore,WR,CHI,BE,7.8,12.83,LV,25.0,100.0,2025-09-28 20:25:00,False,active
4,White Corners Klub,Kenneth Walker III,RB,SEA,RB,12.0,12.73,ARI,28.0,100.0,2025-09-26 00:15:00,False,active
4,White Corners Klub,Jameson Williams,WR,DET,BE,5.7,10.66,CLE,13.0,100.0,2025-09-28 17:00:00,False,active
4,White Corners Klub,RJ Harvey,RB,DEN,BE,25.6,10.11,CIN,31.0,100.0,2025-09-30 00:15:00,False,active
4,White Corners Klub,Tyler Warren,TE,IND,TE,18.3,11.95,LAR,16.0,100.0,2025-09-28 20:05:00,False,active
4,White Corners Klub,Zach Charbonnet,RB,SEA,BE,12.4,9.29,ARI,28.0,100.0,2025-09-26 00:15:00,False,active
4,White Corners Klub,Kyle Pitts Sr.,TE,ATL,BE,18.0,8.71,WSH,28.0,100.0,2025-09-28 17:00:00,False,active
4,White Corners Klub,Trey Benson,RB,ARI,RB,10.4,13.72,SEA,12.0,100.0,2025-09-26 00:15:00,False,active
4,White Corners Klub,Marvin Mims Jr.,WR,DEN,WR,22.9,16.14,CIN,10.0,100.0,2025-09-30 00:15:00,False,active
4,White Corners Klub,Tyler Loop,K,BAL,K,9.0,8.46,KC,15.0,100.0,2025-09-28 20:25:00,False,active
4,White Corners Klub,Packers D/ST,D/ST,GB,D/ST,-3.0,8.29,DAL,3.0,100.0,2025-09-29 00:20:00,False,active
4,White Corners Klub,Troy Franklin,WR,DEN,BE,9.5,10.36,CIN,10.0,100.0,2025-09-30 00:15:00,False,active
4,"you won't, but Drake Maye",CeeDee Lamb,WR,DAL,BE,0.0,0.0,GB,18.0,100.0,2025-09-29 00:20:00,False,inactive
4,"you won't, but Drake Maye",Bucky Irving,RB,TB,RB,25.5,17.46,PHI,21.0,100.0,2025-09-28 17:00:00,False,active
4,"you won't, but Drake Maye",James Cook III,RB,BUF,RB,22.5,18.02,NO,7.0,100.0,2025-09-28 17:00:00,False,active
4,"you won't, but Drake Maye",Omarion Hampton,RB,LAC,RB/WR/TE,27.5,18.23,NYG,27.0,100.0,2025-09-28 17:00:00,False,active
4,"you won't, but Drake Maye",DK Metcalf,WR,PIT,BE,23.6,12.39,MIN,1.0,100.0,2025-09-28 13:30:00,False,active
4,"you won't, but Drake Maye",Ricky Pearsall,WR,SF,WR,8.6,12.95,JAX,16.0,100.0,2025-09-28 20:05:00,False,active
4,"you won't, but Drake Maye",David Njoku,TE,CLE,TE,3.1,9.27,DET,18.0,100.0,2025-09-28 17:00:00,False,active
4,"you won't, but Drake Maye",Stefon Diggs,WR,NE,BE,16.1,7.79,CAR,3.0,100.0,2025-09-28 17:00:00,False,active
4,"you won't, but Drake Maye",Jordan Addison,WR,MIN,BE,15.4,10.76,PIT,24.0,100.0,2025-09-28 13:30:00,False,active
4,"you won't, but Drake Maye",Travis Etienne Jr.,RB,JAX,BE,19.5,11.07,SF,25.0,100.0,2025-09-28 20:05:00,False,active
4,"you won't, but Drake Maye",Drake Maye,QB,NE,QB,23.22,17.25,CAR,6.0,100.0,2025-09-28 17:00:00,False,active
4,"you won't, but Drake Maye",Patriots D/ST,D/ST,NE,D/ST,12.0,7.78,CAR,25.0,100.0,2025-09-28 17:00:00,False,active
4,"you won't, but Drake Maye",Tyjae Spears,RB,TEN,IR,0.0,0.0,HOU,20.0,100.0,2025-09-28 17:00:00,False,inactive
4,"you won't, but Drake Maye",Eddy Pineiro,K,SF,K,7.0,8.12,JAX,2.0,100.0,2025-09-28 20:05:00,False,active
4,"you won't, but Drake Maye",Chimere Dike,WR,TEN,WR,13.7,15.66,HOU,2.0,100.0,2025-09-28 17:00:00,False,active
4,"you won't, but Drake Maye",Kendre Miller,RB,NO,BE,12.5,13.91,BUF,26.0,100.0,2025-09-28 17:00:00,False,active
4,GriddyThemTiddies,Justin Jefferson,WR,MIN,WR,22.6,16.68,PIT,24.0,100.0,2025-09-28 13:30:00,False,active
4,GriddyThemTiddies,Jonathan Taylor,RB,IND,RB,14.6,18.95,LAR,3.0,100.0,2025-09-28 20:05:00,False,active
4,GriddyThemTiddies,Brock Bowers,TE,LV,TE,9.6,14.5,CHI,15.0,100.0,2025-09-28 20:25:00,False,active
4,GriddyThemTiddies,Chuba Hubbard,RB,CAR,RB,9.9,13.5,NE,9.0,100.0,2025-09-28 17:00:00,False,active
4,GriddyThemTiddies,Garrett Wilson,WR,NYJ,WR,20.2,15.66,MIA,8.0,100.0,2025-09-29 23:15:00,False,active
4,GriddyThemTiddies,Travis Hunter,WR,JAX,BE,7.2,10.11,SF,21.0,100.0,2025-09-28 20:05:00,False,active
4,GriddyThemTiddies,Isiah Pacheco,RB,KC,BE,12.8,9.19,BAL,22.0,100.0,2025-09-28 20:25:00,False,active
4,GriddyThemTiddies,Jakobi Meyers,WR,JAX,RB/WR/TE,7.0,14.96,SF,21.0,100.0,2025-09-28 20:05:00,False,active
4,GriddyThemTiddies,Caleb Williams,QB,CHI,QB,11.78,19.58,LV,16.0,100.0,2025-09-28 20:25:00,False,active
4,GriddyThemTiddies,Jayden Reed,WR,GB,BE,0.0,0.0,DAL,31.0,100.0,2025-09-29 00:20:00,False,inactive
4,GriddyThemTiddies,Dallas Goedert,TE,PHI,BE,19.7,8.54,TB,27.0,100.0,2025-09-28 17:00:00,False,active
4,GriddyThemTiddies,Matthew Stafford,QB,LAR,BE,27.4,16.0,IND,18.0,100.0,2025-09-28 20:05:00,False,active
4,GriddyThemTiddies,Eagles D/ST,D/ST,PHI,D/ST,14.0,6.64,TB,20.0,100.0,2025-09-28 17:00:00,False,active
4,GriddyThemTiddies,Cam Little,K,JAX,K,8.0,7.82,SF,3.0,100.0,2025-09-28 20:05:00,False,active
4,GriddyThemTiddies,Devin Singletary,RB,NYG,BE,8.1,14.95,LAC,4.0,100.0,2025-09-28 17:00:00,False,active
4,Jacks Backs,Ja'Marr Chase,WR,CIN,WR,7.3,16.6,DEN,9.0,100.0,2025-09-30 00:15:00,False,active
4,Jacks Backs,Trey McBride,TE,ARI,TE,12.2,15.29,SEA,22.0,100.0,2025-09-26 00:15:00,False,active
4,Jacks Backs,Kyren Williams,RB,LAR,RB,10.4,16.5,IND,8.0,100.0,2025-09-28 20:05:00,False,active
4,Jacks Backs,James Conner,RB,ARI,BE,0.0,0.0,SEA,12.0,100.0,2025-09-26 00:15:00,False,inactive
4,Jacks Backs,Courtland Sutton,WR,DEN,WR,19.1,13.72,CIN,10.0,100.0,2025-09-30 00:15:00,False,active
4,Jacks Backs,Matthew Golden,WR,GB,BE,12.4,11.97,DAL,31.0,100.0,2025-09-29 00:20:00,False,active
4,Jacks Backs,Bo Nix,QB,DEN,QB,25.74,18.16,CIN,26.0,100.0,2025-09-30 00:15:00,False,active
4,Jacks Backs,Keon Coleman,WR,BUF,BE,7.5,10.47,NO,7.0,100.0,2025-09-28 17:00:00,False,active
4,Jacks Backs,Cam Skattebo,RB,NYG,RB,13.0,14.04,LAC,4.0,100.0,2025-09-28 17:00:00,False,active
4,Jacks Backs,Bhayshul Tuten,RB,JAX,BE,11.0,7.95,SF,25.0,100.0,2025-09-28 20:05:00,False,active
4,Jacks Backs,Xavier Legette,WR,CAR,BE,0.0,0.0,NE,14.0,100.0,2025-09-28 17:00:00,False,inactive
4,Jacks Backs,Dalton Kincaid,TE,BUF,RB/WR/TE,9.8,9.15,NO,13.0,100.0,2025-09-28 17:00:00,False,active
4,Jacks Backs,Seahawks D/ST,D/ST,SEA,D/ST,12.0,8.17,ARI,23.0,100.0,2025-09-26 00:15:00,False,active
4,Jacks Backs,Tyler Bass,K,BUF,IR,0.0,0.0,NO,29.0,100.0,2025-09-28 17:00:00,False,inactive
4,Jacks Backs,Ray Davis,RB,BUF,BE,0.3,3.64,NO,7.0,100.0,2025-09-28 17:00:00,False,active
4,Jacks Backs,Matt Prater,K,BUF,K,7.0,8.84,NO,29.0,100.0,2025-09-28 17:00:00,False,active
4,Naberhood Watch,Malik Nabers,WR,NYG,WR,4.0,17.58,LAC,15.0,100.0,2025-09-28 17:00:00,False,active
4,Naberhood Watch,De'Von Achane,RB,MIA,RB,17.1,19.77,NYJ,32.0,100.0,2025-09-29 23:15:00,False,active
4,Naberhood Watch,Davante Adams,WR,LAR,BE,15.6,17.26,IND,32.0,100.0,2025-09-28 20:05:00,False,active
4,Naberhood Watch,Marvin Harrison Jr.,WR,ARI,RB/WR/TE,18.6,11.31,SEA,5.0,100.0,2025-09-26 00:15:00,False,active
4,Naberhood Watch,Zay Flowers,WR,BAL,WR,14.4,14.35,KC,4.0,100.0,2025-09-28 20:25:00,False,active
4,Naberhood Watch,Sam LaPorta,TE,DET,BE,6.9,9.73,CLE,14.0,100.0,2025-09-28 17:00:00,False,active
4,Naberhood Watch,Kyler Murray,QB,ARI,QB,16.1,16.31,SEA,7.0,100.0,2025-09-26 00:15:00,False,active
4,Naberhood Watch,Chris Olave,WR,NO,BE,9.0,15.09,BUF,11.0,100.0,2025-09-28 17:00:00,False,active
4,Naberhood Watch,Rhamondre Stevenson,RB,NE,RB,5.1,11.08,CAR,23.0,100.0,2025-09-28 17:00:00,False,active
4,Naberhood Watch,Ravens D/ST,D/ST,BAL,D/ST,-2.0,5.96,KC,17.0,100.0,2025-09-28 20:25:00,False,active
4,Naberhood Watch,Jake Bates,K,DET,K,13.0,8.51,CLE,9.0,100.0,2025-09-28 17:00:00,False,active
4,Naberhood Watch,Zach Ertz,TE,WSH,TE,6.1,9.79,ATL,4.0,100.0,2025-09-28 17:00:00,False,active
4,Naberhood Watch,Cam Ward,QB,TEN,BE,4.52,12.4,HOU,3.0,100.0,2025-09-28 17:00:00,False,active
4,Naberhood Watch,Romeo Doubs,WR,GB,BE,30.3,10.54,DAL,31.0,100.0,2025-09-29 00:20:00,False,active
4,Naberhood Watch,Jacory Croskey-Merritt,RB,WSH,BE,7.7,8.02,ATL,10.0,100.0,2025-09-28 17:00:00,False,active
5,SaquonDeese,Saquon Barkley,RB,PHI,RB,17.8,17.95,DEN,2.0,100.0,2025-10-05 17:00:00,False,active
5,SaquonDeese,Chase Brown,RB,CIN,RB,11.8,13.91,DET,1.0,100.0,2025-10-05 20:25:00,False,active
5,SaquonDeese,Jalen Hurts,QB,PHI,QB,19.5,19.33,DEN,9.0,100.0,2025-10-05 17:00:00,False,active
5,SaquonDeese,Xavier Worthy,WR,KC,RB/WR/TE,11.1,15.04,JAX,16.0,100.0,2025-10-07 00:15:00,False,active
5,SaquonDeese,Tetairoa McMillan,WR,CAR,WR,13.3,14.21,MIA,8.0,100.0,2025-10-05 17:00:00,False,active
5,SaquonDeese,Jerry Jeudy,WR,CLE,BE,3.5,10.07,MIN,1.0,100.0,2025-10-05 13:30:00,False,active
5,SaquonDeese,Emeka Egbuka,WR,TB,WR,31.3,14.23,SEA,5.0,100.0,2025-10-05 20:05:00,False,active
5,SaquonDeese,Tucker Kraft,TE,GB,BE,,,,,,,,
5,SaquonDeese,Broncos D/ST,D/ST,DEN,D/ST,10.0,6.83,PHI,14.0,100.0,2025-10-05 17:00:00,False,active
5,SaquonDeese,Chase McLaughlin,K,TB,K,12.0,7.91,SEA,5.0,100.0,2025-10-05 20:05:00,False,active
5,SaquonDeese,Quinshon Judkins,RB,CLE,BE,13.8,14.58,MIN,6.0,100.0,2025-10-05 13:30:00,False,active
5,SaquonDeese,Hollywood Brown,WR,KC,BE,8.8,7.72,JAX,16.0,100.0,2025-10-07 00:15:00,False,active
5,SaquonDeese,Harold Fannin Jr.,TE,CLE,BE,11.3,7.68,MIN,6.0,100.0,2025-10-05 13:30:00,False,active
5,SaquonDeese,Tre Tucker,WR,LV,BE,11.1,12.46,IND,32.0,100.0,2025-10-05 17:00:00,False,active
5,SaquonDeese,Noah Fant,TE,CIN,TE,0.0,8.16,DET,18.0,100.0,2025-10-05 20:25:00,False,active
5,Team Beil,Amon-Ra St. Brown,WR,DET,WR,18.0,17.75,CIN,10.0,100.0,2025-10-05 20:25:00,False,active
5,Team Beil,Josh Jacobs,RB,GB,BE,,,,,,,,
5,Team Beil,Jayden Daniels,QB,WSH,BE,17.14,18.95,LAC,2.0,100.0,2025-10-05 20:25:00,False,active
5,Team Beil,TreVeyon Henderson,RB,NE,RB,7.0,12.69,BUF,26.0,100.0,2025-10-06 00:20:00,False,active
5,Team Beil,George Pickens,WR,DAL,WR,13.7,16.48,NYJ,12.0,100.0,2025-10-05 17:00:00,False,active
5,Team Beil,Evan Engram,TE,DEN,TE,13.3,7.67,PHI,2.0,100.0,2025-10-05 17:00:00,False,active
5,Team Beil,Tyrone Tracy Jr.,RB,NYG,BE,0.0,0.0,NO,7.0,100.0,2025-10-05 17:00:00,False,inactive
5,Team Beil,Dak Prescott,QB,DAL,QB,28.28,16.84,NYJ,31.0,100.0,2025-10-05 17:00:00,False,active
5,Team Beil,Steelers D/ST,D/ST,PIT,BE,,,,,,,,
5,Team Beil,Cameron Dicker,K,LAC,K,6.0,8.8,WSH,19.0,100.0,2025-10-05 20:25:00,False,active
5,Team Beil,Rachaad White,RB,TB,BE,23.1,13.73,SEA,12.0,100.0,2025-10-05 20:05:00,False,active
5,Team Beil,Pat Freiermuth,TE,PIT,BE,,,,,,,,
5,Team Beil,Rashod Bateman,WR,BAL,RB/WR/TE,0.0,7.5,HOU,2.0,100.0,2025-10-05 17:00:00,False,active
5,Team Beil,Rico Dowdle,RB,CAR,RB,32.4,18.16,MIA,29.0,100.0,2025-10-05 17:00:00,False,active
5,Team Beil,Browns D/ST,D/ST,CLE,D/ST,8.0,8.85,MIN,30.0,100.0,2025-10-05 13:30:00,False,active
5,Montgomery Beer,Ashton Jeanty,RB,LV,RB,15.9,14.97,IND,8.0,100.0,2025-10-05 17:00:00,False,active
5,Montgomery Beer,Brian Thomas Jr.,WR,JAX,WR,12.0,13.02,KC,4.0,100.0,2025-10-07 00:15:00,False,active
5,Montgomery Beer,George Kittle,TE,SF,IR,0.0,0.0,LAR,16.0,100.0,2025-10-03 00:15:00,False,inactive
5,Montgomery Beer,Baker Mayfield,QB,TB,QB,26.66,15.68,SEA,7.0,100.0,2025-10-05 20:05:00,False,active
5,Montgomery Beer,David Montgomery,RB,DET,RB/WR/TE,18.22,12.85,CIN,31.0,100.0,2025-10-05 20:25:00,False,active
5,Montgomery Beer,Rashee Rice,WR,KC,BE,0.0,0.0,JAX,16.0,100.0,2025-10-07 00:15:00,False,inactive
5,Montgomery Beer,Javonte Williams,RB,DAL,RB,26.9,16.65,NYJ,32.0,100.0,2025-10-05 17:00:00,False,active
5,Montgomery Beer,Brandon Aubrey,K,DAL,K,6.5,8.6,NYJ,31.0,100.0,2025-10-05 17:00:00,False,active
5,Montgomery Beer,Rashid Shaheed,WR,SEA,BE,21.4,11.28,TB,17.0,100.0,2025-10-05 20:05:00,False,active
5,Montgomery Beer,Jordan Love,QB,GB,BE,,,,,,,,
5,Montgomery Beer,Bills D/ST,D/ST,BUF,D/ST,7.0,7.44,NE,9.0,100.0,2025-10-06 00:20:00,False,active
5,Montgomery Beer,Nick Chubb,RB,HOU,BE,12.1,10.09,BAL,22.0,100.0,2025-10-05 17:00:00,False,active
5,Montgomery Beer,Chig Okonkwo,TE,TEN,BE,8.8,7.9,ARI,31.0,100.0,2025-10-05 20:05:00,False,active
5,Montgomery Beer,KaVontae Turpin,WR,DAL,WR,0.0,0.0,NYJ,12.0,100.0,2025-10-05 17:00:00,False,inactive
5,Montgomery Beer,Darren Waller,TE,MIA,TE,18.8,7.93,CAR,19.0,100.0,2025-10-05 17:00:00,False,active
5,Montgomery Beer,Justice Hill,RB,BAL,BE,2.2,12.14,HOU,20.0,100.0,2025-10-05 17:00:00,False,active
5,Philip's Perfect Team,Christian McCaffrey,RB,SF,RB,27.9,22.17,LAR,3.0,100.0,2025-10-03 00:15:00,False,active
5,Philip's Perfect Team,Drake London,WR,ATL,BE,,,,,,,,
5,Philip's Perfect Team,Tee Higgins,WR,CIN,BE,11.2,12.79,DET,30.0,100.0,2025-10-05 20:25:00,False,active
5,Philip's Perfect Team,Jaxon Smith-Njigba,WR,SEA,RB/WR/TE,27.2,15.89,TB,17.0,100.0,2025-10-05 20:05:00,False,active
5,Philip's Perfect Team,Breece Hall,RB,NYJ,RB,17.5,18.1,DAL,30.0,100.0,2025-10-05 17:00:00,False,active
5,Philip's Perfect Team,T.J. Hockenson,TE,MIN,BE,9.8,9.06,CLE,14.0,100.0,2025-10-05 13:30:00,False,active
5,Philip's Perfect Team,Michael Pittman Jr.,WR,IND,WR,14.9,13.2,LV,25.0,100.0,2025-10-05 17:00:00,False,active
5,Philip's Perfect Team,Brock Purdy,QB,SF,BE,0.0,0.0,LAR,14.0,100.0,2025-10-03 00:15:00,False,inactive
5,Philip's Perfect Team,Deebo Samuel,WR,WSH,WR,23.6,17.94,LAC,15.0,100.0,2025-10-05 20:25:00,False,active
5,Philip's Perfect Team,Chris Godwin Jr.,WR,TB,BE,5.6,13.22,SEA,5.0,100.0,2025-10-05 20:05:00,False,active
5,Philip's Perfect Team,Justin Herbert,QB,LAC,QB,14.64,20.82,WSH,30.0,100.0,2025-10-05 20:25:00,False,active
5,Philip's Perfect Team,J.J. McCarthy,QB,MIN,BE,0.0,0.0,CLE,5.0,100.0,2025-10-05 13:30:00,False,inactive
5,Philip's Perfect Team,Jake Ferguson,TE,DAL,TE,23.9,11.99,NYJ,26.0,100.0,2025-10-05 17:00:00,False,active
5,Philip's Perfect Team,Colts D/ST,D/ST,IND,D/ST,17.0,8.2,LV,32.0,100.0,2025-10-05 17:00:00,False,active
5,Philip's Perfect Team,Harrison Butker,K,KC,K,4.0,7.64,JAX,2.0,100.0,2025-10-07 00:15:00,False,active
5,Hurts So Good,Jahmyr Gibbs,RB,DET,RB,16.7,22.07,CIN,31.0,100.0,2025-10-05 20:25:00,False,active
5,Hurts So Good,DeVonta Smith,WR,PHI,WR,19.4,10.61,DEN,9.0,100.0,2025-10-05 17:00:00,False,active
5,Hurts So Good,Lamar Jackson,QB,BAL,BE,0.0,0.0,HOU,3.0,100.0,2025-10-05 17:00:00,False,inactive
5,Hurts So Good,Mike Evans,WR,TB,BE,0.0,0.0,SEA,5.0,100.0,2025-10-05 20:05:00,False,inactive
5,Hurts So Good,D'Andre Swift,RB,CHI,BE,,,,,,,,
5,Hurts So Good,Mark Andrews,TE,BAL,TE,4.2,8.92,HOU,11.0,100.0,2025-10-05 17:00:00,False,active
5,Hurts So Good,Rome Odunze,WR,CHI,BE,,,,,,,,
5,Hurts So Good,J.K. Dobbins,RB,DEN,RB,15.4,12.17,PHI,21.0,100.0,2025-10-05 17:00:00,False,active
5,Hurts So Good,Cooper Kupp,WR,SEA,RB/WR/TE,11.9,10.53,TB,17.0,100.0,2025-10-05 20:05:00,False,active
5,Hurts So Good,Keenan Allen,WR,LAC,WR,10.8,14.6,WSH,23.0,100.0,2025-10-05 20:25:00,False,active
5,Hurts So Good,Texans D/ST,D/ST,HOU,D/ST,13.0,7.05,BAL,15.0,100.0,2025-10-05 17:00:00,False,active
5,Hurts So Good,Jared Goff,QB,DET,QB,20.12,16.7,CIN,26.0,100.0,2025-10-05 20:25:00,False,active
5,Hurts So Good,Jake Elliott,K,PHI,K,5.0,8.05,DEN,21.0,100.0,2025-10-05 17:00:00,False,active
5,Hurts So Good,Hunter Henry,TE,NE,BE,6.6,11.12,BUF,1.0,100.0,2025-10-06 00:20:00,False,active
5,Hurts So Good,Brandon Aiyuk,WR,SF,BE,0.0,0.0,LAR,20.0,100.0,2025-10-03 00:15:00,False,inactive
5,Tyler's Football Team,A.J. Brown,WR,PHI,WR,9.3,13.68,DEN,9.0,100.0,2025-10-05 17:00:00,False,active
5,Tyler's Football Team,Derrick Henry,RB,BAL,RB,9.3,15.14,HOU,20.0,100.0,2025-10-05 17:00:00,False,active
5,Tyler's Football Team,Terry McLaurin,WR,WSH,IR,0.0,0.0,LAC,15.0,100.0,2025-10-05 20:25:00,False,inactive
5,Tyler's Football Team,Patrick Mahomes,QB,KC,QB,26.72,17.66,JAX,15.0,100.0,2025-10-07 00:15:00,False,active
5,Tyler's Football Team,Tony Pollard,RB,TEN,RB,14.8,11.99,ARI,28.0,100.0,2025-10-05 20:05:00,False,active
5,Tyler's Football Team,Calvin Ridley,WR,TEN,BE,18.1,10.61,ARI,19.0,100.0,2025-10-05 20:05:00,False,active
5,Tyler's Football Team,Khalil Shakir,WR,BUF,BE,11.0,11.9,NE,14.0,100.0,2025-10-06 00:20:00,False,active
5,Tyler's Football Team,Jauan Jennings,WR,SF,BE,0.0,0.0,LAR,20.0,100.0,2025-10-03 00:15:00,False,inactive
5,Tyler's Football Team,Jerome Ford,RB,CLE,BE,13.6,8.73,MIN,6.0,100.0,2025-10-05 13:30:00,False,active
5,Tyler's Football Team,Tyler Allgeier,RB,ATL,BE,,,,,,,,
5,Tyler's Football Team,Rams D/ST,D/ST,LAR,D/ST,0.0,8.67,SF,13.0,100.0,2025-10-03 00:15:00,False,active
5,Tyler's Football Team,Juwan Johnson,TE,NO,BE,3.7,7.86,NYG,8.0,100.0,2025-10-05 17:00:00,False,active
5,Tyler's Football Team,Spencer Shrader,K,IND,K,2.0,8.45,LV,26.0,100.0,2025-10-05 17:00:00,False,active
5,Tyler's Football Team,Luke McCaffrey,WR,WSH,WR,15.2,15.33,LAC,15.0,100.0,2025-10-05 20:25:00,False,active
5,Tyler's Football Team,Sean Tucker,RB,TB,RB/WR/TE,2.9,14.07,SEA,12.0,100.0,2025-10-05 20:05:00,False,active
5,Tyler's Football Team,Brenton Strange,TE,JAX,TE,3.2,8.96,KC,7.0,100.0,2025-10-07 00:15:00,False,active
5,Glock Purdy,Puka Nacua,WR,LAR,WR,24.5,21.18,SF,21.0,100.0,2025-10-03 00:15:00,False,active
5,Glock Purdy,Nico Collins,WR,HOU,WR,16.0,17.49,BAL,28.0,100.0,2025-10-05 17:00:00,False,active
5,Glock Purdy,Joe Burrow,QB,CIN,IR,0.0,0.0,DET,24.0,100.0,2025-10-05 20:25:00,False,inactive
5,Glock Purdy,Alvin Kamara,RB,NO,RB,9.5,16.1,NYG,27.0,100.0,2025-10-05 17:00:00,False,active
5,Glock Purdy,Aaron Jones Sr.,RB,MIN,BE,0.0,0.0,CLE,16.0,100.0,2025-10-05 13:30:00,False,inactive
5,Glock Purdy,Jaylen Waddle,WR,MIA,BE,23.0,13.71,CAR,3.0,100.0,2025-10-05 17:00:00,False,active
5,Glock Purdy,Travis Kelce,TE,KC,TE,19.1,9.2,JAX,23.0,100.0,2025-10-07 00:15:00,False,active
5,Glock Purdy,Darnell Mooney,WR,ATL,BE,,,,,,,,
5,Glock Purdy,Jordan Mason,RB,MIN,RB,12.6,13.12,CLE,16.0,100.0,2025-10-05 13:30:00,False,active
5,Glock Purdy,Vikings D/ST,D/ST,MIN,D/ST,6.0,9.26,CLE,31.0,100.0,2025-10-05 13:30:00,False,active
5,Glock Purdy,Ka'imi Fairbairn,K,HOU,K,18.0,7.82,BAL,25.0,100.0,2025-10-05 17:00:00,False,active
5,Glock Purdy,Joe Mixon,RB,HOU,BE,0.0,0.0,BAL,22.0,100.0,2025-10-05 17:00:00,False,inactive
5,Glock Purdy,Wan'Dale Robinson,WR,NYG,BE,8.2,10.65,NO,7.0,100.0,2025-10-05 17:00:00,False,active
5,Glock Purdy,Quentin Johnston,WR,LAC,RB/WR/TE,6.9,17.48,WSH,23.0,100.0,2025-10-05 20:25:00,False,active
5,Glock Purdy,Daniel Jones,QB,IND,QB,16.68,18.26,LV,16.0,100.0,2025-10-05 17:00:00,False,active
5,"you won't, but Drake Maye",CeeDee Lamb,WR,DAL,BE,0.0,0.0,NYJ,12.0,100.0,2025-10-05 17:00:00,False,inactive
5,"you won't, but Drake Maye",Bucky Irving,RB,TB,BE,0.0,0.0,SEA,12.0,100.0,2025-10-05 20:05:00,False,inactive
5,"you won't, but Drake Maye",James Cook III,RB,BUF,RB,4.9,18.42,NE,9.0,100.0,2025-10-06 00:20:00,False,active
5,"you won't, but Drake Maye",Omarion Hampton,RB,LAC,RB,13.0,18.62,WSH,24.0,100.0,2025-10-05 20:25:00,False,active
5,"you won't, but Drake Maye",DK Metcalf,WR,PIT,BE,,,,,,,,
5,"you won't, but Drake Maye",Ricky Pearsall,WR,SF,BE,0.0,0.0,LAR,20.0,100.0,2025-10-03 00:15:00,False,inactive
5,"you won't, but Drake Maye",David Njoku,TE,CLE,TE,18.7,8.11,MIN,6.0,100.0,2025-10-05 13:30:00,False,active
5,"you won't, but Drake Maye",Stefon Diggs,WR,NE,WR,24.6,12.87,BUF,11.0,100.0,2025-10-06 00:20:00,False,active
5,"you won't, but Drake Maye",Jordan Addison,WR,MIN,BE,15.1,10.82,CLE,13.0,100.0,2025-10-05 13:30:00,False,active
5,"you won't, but Drake Maye",Travis Etienne Jr.,RB,JAX,RB/WR/TE,8.8,13.91,KC,17.0,100.0,2025-10-07 00:15:00,False,active
5,"you won't, but Drake Maye",Drake Maye,QB,NE,QB,12.12,18.73,BUF,4.0,100.0,2025-10-06 00:20:00,False,active
5,"you won't, but Drake Maye",Tyjae Spears,RB,TEN,IR,1.4,7.72,ARI,28.0,100.0,2025-10-05 20:05:00,False,active
5,"you won't, but Drake Maye",Eddy Pineiro,K,SF,K,17.0,7.27,LAR,10.0,100.0,2025-10-03 00:15:00,False,active
5,"you won't, but Drake Maye",Lions D/ST,D/ST,DET,D/ST,11.0,9.22,CIN,26.0,100.0,2025-10-05 20:25:00,False,active
5,"you won't, but Drake Maye",Justin Fields,QB,NYJ,BE,25.92,21.74,DAL,32.0,100.0,2025-10-05 17:00:00,False,active
5,"you won't, but Drake Maye",Jalen Tolbert,WR,DAL,WR,0.0,18.91,NYJ,12.0,100.0,2025-10-05 17:00:00,False,active
5,White Corners Klub,Bijan Robinson,RB,ATL,BE,,,,,,,,
5,White Corners Klub,Ladd McConkey,WR,LAC,RB/WR/TE,14.9,13.19,WSH,23.0,100.0,2025-10-05 20:25:00,False,active
5,White Corners Klub,Josh Allen,QB,BUF,QB,19.42,22.29,NE,11.0,100.0,2025-10-06 00:20:00,False,active
5,White Corners Klub,Kenneth Walker III,RB,SEA,RB,9.6,14.63,TB,19.0,100.0,2025-10-05 20:05:00,False,active
5,White Corners Klub,Jameson Williams,WR,DET,BE,2.0,11.84,CIN,10.0,100.0,2025-10-05 20:25:00,False,active
5,White Corners Klub,RJ Harvey,RB,DEN,BE,14.3,10.89,PHI,21.0,100.0,2025-10-05 17:00:00,False,active
5,White Corners Klub,Tyler Warren,TE,IND,TE,14.4,11.23,LV,3.0,100.0,2025-10-05 17:00:00,False,active
5,White Corners Klub,Zach Charbonnet,RB,SEA,BE,11.8,9.2,TB,19.0,100.0,2025-10-05 20:05:00,False,active
5,White Corners Klub,Kyle Pitts Sr.,TE,ATL,BE,,,,,,,,
5,White Corners Klub,Trey Benson,RB,ARI,IR,0.0,0.0,TEN,13.0,100.0,2025-10-05 20:05:00,False,inactive
5,White Corners Klub,Marvin Mims Jr.,WR,DEN,WR,8.1,16.82,PHI,6.0,100.0,2025-10-05 17:00:00,False,active
5,White Corners Klub,Tyler Loop,K,BAL,K,3.0,7.73,HOU,1.0,100.0,2025-10-05 17:00:00,False,active
5,White Corners Klub,Malik Washington,WR,MIA,WR,16.7,14.31,CAR,3.0,100.0,2025-10-05 17:00:00,False,active
5,White Corners Klub,Jaguars D/ST,D/ST,JAX,D/ST,5.0,6.9,KC,17.0,100.0,2025-10-07 00:15:00,False,active
5,White Corners Klub,Emari Demercado,RB,ARI,RB,6.1,11.88,TEN,13.0,100.0,2025-10-05 20:05:00,False,active
5,White Corners Klub,Michael Carter,RB,ARI,BE,18.3,10.67,TEN,13.0,100.0,2025-10-05 20:05:00,False,active
5,Jacks Backs,Ja'Marr Chase,WR,CIN,WR,29.0,16.06,DET,30.0,100.0,2025-10-05 20:25:00,False,active
5,Jacks Backs,Trey McBride,TE,ARI,TE,9.1,15.46,TEN,21.0,100.0,2025-10-05 20:05:00,False,active
5,Jacks Backs,Kyren Williams,RB,LAR,RB,31.1,15.84,SF,25.0,100.0,2025-10-03 00:15:00,False,active
5,Jacks Backs,Courtland Sutton,WR,DEN,WR,17.9,12.9,PHI,6.0,100.0,2025-10-05 17:00:00,False,active
5,Jacks Backs,Matthew Golden,WR,GB,BE,,,,,,,,
5,Jacks Backs,Bo Nix,QB,DEN,QB,17.88,16.09,PHI,10.0,100.0,2025-10-05 17:00:00,False,active
5,Jacks Backs,Keon Coleman,WR,BUF,BE,10.3,10.22,NE,14.0,100.0,2025-10-06 00:20:00,False,active
5,Jacks Backs,Cam Skattebo,RB,NYG,RB,14.4,17.08,NO,7.0,100.0,2025-10-05 17:00:00,False,active
5,Jacks Backs,Bhayshul Tuten,RB,JAX,BE,2.1,7.12,KC,17.0,100.0,2025-10-07 00:15:00,False,active
5,Jacks Backs,Xavier Legette,WR,CAR,BE,11.1,7.84,MIA,8.0,100.0,2025-10-05 17:00:00,False,active
5,Jacks Backs,Dalton Kincaid,TE,BUF,BE,16.8,7.96,NE,20.0,100.0,2025-10-06 00:20:00,False,active
5,Jacks Backs,Seahawks D/ST,D/ST,SEA,D/ST,-3.0,7.27,TB,20.0,100.0,2025-10-05 20:05:00,False,active
5,Jacks Backs,Tyler Bass,K,BUF,IR,0.0,0.0,NE,4.0,100.0,2025-10-06 00:20:00,False,inactive
5,Jacks Backs,Matt Prater,K,BUF,K,9.0,8.67,NE,4.0,100.0,2025-10-06 00:20:00,False,active
5,Jacks Backs,Woody Marks,RB,HOU,RB/WR/TE,2.4,12.05,BAL,22.0,100.0,2025-10-05 17:00:00,False,active
5,Jacks Backs,Kenneth Gainwell,RB,PIT,BE,,,,,,,,
5,GriddyThemTiddies,Justin Jefferson,WR,MIN,WR,19.3,16.28,CLE,13.0,100.0,2025-10-05 13:30:00,False,active
5,GriddyThemTiddies,Jonathan Taylor,RB,IND,RB,31.6,22.57,LV,15.0,100.0,2025-10-05 17:00:00,False,active
5,GriddyThemTiddies,Brock Bowers,TE,LV,TE,0.0,0.0,IND,25.0,100.0,2025-10-05 17:00:00,False,inactive
5,GriddyThemTiddies,Chuba Hubbard,RB,CAR,BE,0.0,0.0,MIA,29.0,100.0,2025-10-05 17:00:00,False,inactive
5,GriddyThemTiddies,Garrett Wilson,WR,NYJ,WR,19.1,15.96,DAL,31.0,100.0,2025-10-05 17:00:00,False,active
5,GriddyThemTiddies,Travis Hunter,WR,JAX,BE,9.4,8.87,KC,4.0,100.0,2025-10-07 00:15:00,False,active
5,GriddyThemTiddies,Isiah Pacheco,RB,KC,RB,8.6,7.74,JAX,5.0,100.0,2025-10-07 00:15:00,False,active
5,GriddyThemTiddies,Jakobi Meyers,WR,JAX,RB/WR/TE,7.2,13.95,KC,4.0,100.0,2025-10-07 00:15:00,False,active
5,GriddyThemTiddies,Caleb Williams,QB,CHI,BE,,,,,,,,
5,GriddyThemTiddies,Jayden Reed,WR,GB,IR,,,,,,,,
5,GriddyThemTiddies,Dallas Goedert,TE,PHI,BE,10.9,8.34,DEN,17.0,100.0,2025-10-05 17:00:00,False,active
5,GriddyThemTiddies,Matthew Stafford,QB,LAR,QB,25.56,15.86,SF,20.0,100.0,2025-10-03 00:15:00,False,active
5,GriddyThemTiddies,Eagles D/ST,D/ST,PHI,D/ST,2.0,6.83,DEN,6.0,100.0,2025-10-05 17:00:00,False,active
5,GriddyThemTiddies,Cam Little,K,JAX,K,9.0,7.69,KC,15.0,100.0,2025-10-07 00:15:00,False,active
5,GriddyThemTiddies,Devin Singletary,RB,NYG,BE,3.4,10.6,NO,7.0,100.0,2025-10-05 17:00:00,False,active
5,Naberhood Watch,Malik Nabers,WR,NYG,IR,0.0,0.0,NO,7.0,100.0,2025-10-05 17:00:00,False,inactive
5,Naberhood Watch,De'Von Achane,RB,MIA,RB,16.6,19.63,CAR,23.0,100.0,2025-10-05 17:00:00,False,active
5,Naberhood Watch,Davante Adams,WR,LAR,WR,13.8,15.67,SF,21.0,100.0,2025-10-03 00:15:00,False,active
5,Naberhood Watch,Marvin Harrison Jr.,WR,ARI,RB/WR/TE,13.8,12.85,TEN,27.0,100.0,2025-10-05 20:05:00,False,active
5,Naberhood Watch,Zay Flowers,WR,BAL,WR,12.2,13.05,HOU,2.0,100.0,2025-10-05 17:00:00,False,active
5,Naberhood Watch,Sam LaPorta,TE,DET,TE,20.2,10.09,CIN,32.0,100.0,2025-10-05 20:25:00,False,active
5,Naberhood Watch,Kyler Murray,QB,ARI,QB,15.3,19.27,TEN,28.0,100.0,2025-10-05 20:05:00,False,active
5,Naberhood Watch,Chris Olave,WR,NO,BE,12.9,12.79,NYG,22.0,100.0,2025-10-05 17:00:00,False,active
5,Naberhood Watch,Rhamondre Stevenson,RB,NE,RB,18.7,10.11,BUF,26.0,100.0,2025-10-06 00:20:00,False,active
5,Naberhood Watch,Ravens D/ST,D/ST,BAL,D/ST,-2.0,5.96,HOU,12.0,100.0,2025-10-05 17:00:00,False,active
5,Naberhood Watch,Jake Bates,K,DET,K,5.0,9.13,CIN,12.0,100.0,2025-10-05 20:25:00,False,active
5,Naberhood Watch,Zach Ertz,TE,WSH,BE,0.0,9.18,LAC,5.0,100.0,2025-10-05 20:25:00,False,active
5,Naberhood Watch,Cam Ward,QB,TEN,BE,8.0,11.96,ARI,19.0,100.0,2025-10-05 20:05:00,False,active
5,Naberhood Watch,Romeo Doubs,WR,GB,BE,,,,,,,,
5,Naberhood Watch,Jacory Croskey-Merritt,RB,WSH,BE,27.0,7.77,LAC,4.0,100.0,2025-10-05 20:25:00,False,active
6,Team Beil,Amon-Ra St. Brown,WR,DET,WR,13.7,18.89,KC,4.0,100.0,2025-10-13 00:20:00,False,active
6,Team Beil,Josh Jacobs,RB,GB,BE,32.0,20.85,CIN,31.0,100.0,2025-10-12 20:25:00,False,active
6,Team Beil,Jayden Daniels,QB,WSH,QB,21.64,22.58,CHI,22.0,100.0,2025-10-14 00:15:00,False,active
6,Team Beil,TreVeyon Henderson,RB,NE,RB,4.6,15.92,NO,7.0,100.0,2025-10-12 17:00:00,False,active
6,Team Beil,George Pickens,WR,DAL,WR,31.8,16.31,CAR,3.0,100.0,2025-10-12 17:00:00,False,active
6,Team Beil,Evan Engram,TE,DEN,TE,9.9,8.87,NYJ,26.0,100.0,2025-10-12 13:30:00,False,active
6,Team Beil,Tyrone Tracy Jr.,RB,NYG,BE,0.6,10.93,PHI,21.0,100.0,2025-10-10 00:15:00,False,active
6,Team Beil,Dak Prescott,QB,DAL,BE,22.34,18.8,CAR,6.0,100.0,2025-10-12 17:00:00,False,active
6,Team Beil,Steelers D/ST,D/ST,PIT,BE,12.0,9.28,CLE,31.0,100.0,2025-10-12 17:00:00,False,active
6,Team Beil,Cameron Dicker,K,LAC,K,17.0,8.66,MIA,8.0,100.0,2025-10-12 17:00:00,False,active
6,Team Beil,Rachaad White,RB,TB,BE,17.6,17.07,SF,25.0,100.0,2025-10-12 20:25:00,False,active
6,Team Beil,Pat Freiermuth,TE,PIT,BE,2.1,3.86,CLE,14.0,100.0,2025-10-12 17:00:00,False,active
6,Team Beil,Rashod Bateman,WR,BAL,RB/WR/TE,1.8,7.85,LAR,20.0,100.0,2025-10-12 17:00:00,False,active
6,Team Beil,Rico Dowdle,RB,CAR,RB,33.9,20.4,DAL,30.0,100.0,2025-10-12 17:00:00,False,active
6,Team Beil,Browns D/ST,D/ST,CLE,D/ST,1.0,7.96,PIT,16.0,100.0,2025-10-12 17:00:00,False,active
6,Philip's Perfect Team,Christian McCaffrey,RB,SF,RB,24.1,24.15,TB,19.0,100.0,2025-10-12 20:25:00,False,active
6,Philip's Perfect Team,Drake London,WR,ATL,BE,31.8,15.56,BUF,11.0,100.0,2025-10-13 23:15:00,False,active
6,Philip's Perfect Team,Tee Higgins,WR,CIN,BE,11.2,11.52,GB,18.0,100.0,2025-10-12 20:25:00,False,active
6,Philip's Perfect Team,Jaxon Smith-Njigba,WR,SEA,RB/WR/TE,30.2,17.93,JAX,16.0,100.0,2025-10-12 17:00:00,False,active
6,Philip's Perfect Team,Breece Hall,RB,NYJ,RB,5.9,15.54,DEN,2.0,100.0,2025-10-12 13:30:00,False,active
6,Philip's Perfect Team,T.J. Hockenson,TE,MIN,BE,,,,,,,,
6,Philip's Perfect Team,Michael Pittman Jr.,WR,IND,WR,4.0,12.79,ARI,19.0,100.0,2025-10-12 17:00:00,False,active
6,Philip's Perfect Team,Brock Purdy,QB,SF,BE,0.0,0.0,TB,29.0,100.0,2025-10-12 20:25:00,False,inactive
6,Philip's Perfect Team,Deebo Samuel,WR,WSH,WR,5.4,18.76,CHI,29.0,100.0,2025-10-14 00:15:00,False,active
6,Philip's Perfect Team,Chris Godwin Jr.,WR,TB,BE,0.0,0.0,SF,21.0,100.0,2025-10-12 20:25:00,False,inactive
6,Philip's Perfect Team,Justin Herbert,QB,LAC,QB,18.76,20.11,MIA,23.0,100.0,2025-10-12 17:00:00,False,active
6,Philip's Perfect Team,J.J. McCarthy,QB,MIN,BE,,,,,,,,
6,Philip's Perfect Team,Jake Ferguson,TE,DAL,TE,12.3,14.94,CAR,19.0,100.0,2025-10-12 17:00:00,False,active
6,Philip's Perfect Team,Colts D/ST,D/ST,IND,D/ST,3.0,8.72,ARI,23.0,100.0,2025-10-12 17:00:00,False,active
6,Philip's Perfect Team,Harrison Butker,K,KC,K,5.5,8.04,DET,19.0,100.0,2025-10-13 00:20:00,False,active
6,Tyler's Football Team,A.J. Brown,WR,PHI,WR,14.0,14.08,NYG,22.0,100.0,2025-10-10 00:15:00,False,active
6,Tyler's Football Team,Derrick Henry,RB,BAL,RB,14.0,13.97,LAR,3.0,100.0,2025-10-12 17:00:00,False,active
6,Tyler's Football Team,Terry McLaurin,WR,WSH,IR,0.0,0.0,CHI,29.0,100.0,2025-10-14 00:15:00,False,inactive
6,Tyler's Football Team,Patrick Mahomes,QB,KC,QB,31.48,20.05,DET,24.0,100.0,2025-10-13 00:20:00,False,active
6,Tyler's Football Team,Tony Pollard,RB,TEN,RB,6.7,12.66,LV,15.0,100.0,2025-10-12 20:05:00,False,active
6,Tyler's Football Team,Calvin Ridley,WR,TEN,BE,2.8,11.75,LV,25.0,100.0,2025-10-12 20:05:00,False,active
6,Tyler's Football Team,Khalil Shakir,WR,BUF,BE,6.3,11.73,ATL,26.0,100.0,2025-10-13 23:15:00,False,active
6,Tyler's Football Team,Jauan Jennings,WR,SF,BE,1.7,11.09,TB,17.0,100.0,2025-10-12 20:25:00,False,active
6,Tyler's Football Team,Jerome Ford,RB,CLE,BE,10.2,10.84,PIT,14.0,100.0,2025-10-12 17:00:00,False,active
6,Tyler's Football Team,Rams D/ST,D/ST,LAR,D/ST,17.0,7.89,BAL,15.0,100.0,2025-10-12 17:00:00,False,active
6,Tyler's Football Team,Juwan Johnson,TE,NO,TE,1.5,7.91,NE,20.0,100.0,2025-10-12 17:00:00,False,active
6,Tyler's Football Team,Spencer Shrader,K,IND,BE,0.0,0.0,ARI,32.0,100.0,2025-10-12 17:00:00,False,inactive
6,Tyler's Football Team,Luke McCaffrey,WR,WSH,WR,23.0,16.02,CHI,29.0,100.0,2025-10-14 00:15:00,False,active
6,Tyler's Football Team,Sean Tucker,RB,TB,RB/WR/TE,21.2,9.43,SF,25.0,100.0,2025-10-12 20:25:00,False,active
6,Tyler's Football Team,Brenton Strange,TE,JAX,BE,0.0,0.0,SEA,22.0,100.0,2025-10-12 17:00:00,False,inactive
6,Tyler's Football Team,Wil Lutz,K,DEN,K,9.0,8.63,NYJ,31.0,100.0,2025-10-12 13:30:00,False,active
6,SaquonDeese,Saquon Barkley,RB,PHI,RB,8.7,17.63,NYG,27.0,100.0,2025-10-10 00:15:00,False,active
6,SaquonDeese,Chase Brown,RB,CIN,BE,8.9,13.61,GB,11.0,100.0,2025-10-12 20:25:00,False,active
6,SaquonDeese,Jalen Hurts,QB,PHI,QB,20.62,20.45,NYG,25.0,100.0,2025-10-10 00:15:00,False,active
6,SaquonDeese,Xavier Worthy,WR,KC,RB/WR/TE,10.6,15.38,DET,30.0,100.0,2025-10-13 00:20:00,False,active
6,SaquonDeese,Tetairoa McMillan,WR,CAR,WR,17.9,14.57,DAL,31.0,100.0,2025-10-12 17:00:00,False,active
6,SaquonDeese,Jerry Jeudy,WR,CLE,BE,9.3,9.68,PIT,24.0,100.0,2025-10-12 17:00:00,False,active
6,SaquonDeese,Emeka Egbuka,WR,TB,WR,4.4,16.68,SF,21.0,100.0,2025-10-12 20:25:00,False,active
6,SaquonDeese,Tucker Kraft,TE,GB,TE,12.3,10.54,CIN,32.0,100.0,2025-10-12 20:25:00,False,active
6,SaquonDeese,Broncos D/ST,D/ST,DEN,D/ST,17.0,8.81,NYJ,28.0,100.0,2025-10-12 13:30:00,False,active
6,SaquonDeese,Chase McLaughlin,K,TB,K,6.0,8.74,SF,3.0,100.0,2025-10-12 20:25:00,False,active
6,SaquonDeese,Quinshon Judkins,RB,CLE,RB,3.6,13.8,PIT,14.0,100.0,2025-10-12 17:00:00,False,active
6,SaquonDeese,Hollywood Brown,WR,KC,BE,20.5,9.6,DET,30.0,100.0,2025-10-13 00:20:00,False,active
6,SaquonDeese,Harold Fannin Jr.,TE,CLE,BE,15.1,9.5,PIT,29.0,100.0,2025-10-12 17:00:00,False,active
6,SaquonDeese,Tre Tucker,WR,LV,BE,12.0,12.41,TEN,27.0,100.0,2025-10-12 20:05:00,False,active
6,SaquonDeese,AJ Barner,TE,SEA,BE,10.1,7.52,JAX,23.0,100.0,2025-10-12 17:00:00,False,active
6,"you won't, but Drake Maye",CeeDee Lamb,WR,DAL,BE,0.0,0.0,CAR,3.0,100.0,2025-10-12 17:00:00,False,inactive
6,"you won't, but Drake Maye",Bucky Irving,RB,TB,BE,0.0,0.0,SF,25.0,100.0,2025-10-12 20:25:00,False,inactive
6,"you won't, but Drake Maye",James Cook III,RB,BUF,RB,8.7,16.56,ATL,10.0,100.0,2025-10-13 23:15:00,False,active
6,"you won't, but Drake Maye",Omarion Hampton,RB,LAC,IR,0.0,0.0,MIA,29.0,100.0,2025-10-12 17:00:00,False,inactive
6,"you won't, but Drake Maye",DK Metcalf,WR,PIT,WR,19.5,13.23,CLE,13.0,100.0,2025-10-12 17:00:00,False,active
6,"you won't, but Drake Maye",Ricky Pearsall,WR,SF,BE,0.0,0.0,TB,17.0,100.0,2025-10-12 20:25:00,False,inactive
6,"you won't, but Drake Maye",David Njoku,TE,CLE,TE,5.8,9.88,PIT,29.0,100.0,2025-10-12 17:00:00,False,active
6,"you won't, but Drake Maye",Stefon Diggs,WR,NE,WR,5.8,13.73,NO,7.0,100.0,2025-10-12 17:00:00,False,active
6,"you won't, but Drake Maye",Jordan Addison,WR,MIN,BE,,,,,,,,
6,"you won't, but Drake Maye",Travis Etienne Jr.,RB,JAX,RB,9.5,14.84,SEA,12.0,100.0,2025-10-12 17:00:00,False,active
6,"you won't, but Drake Maye",Drake Maye,QB,NE,QB,27.24,17.9,NO,8.0,100.0,2025-10-12 17:00:00,False,active
6,"you won't, but Drake Maye",Eddy Pineiro,K,SF,K,18.0,8.24,TB,11.0,100.0,2025-10-12 20:25:00,False,active
6,"you won't, but Drake Maye",Justin Fields,QB,NYJ,BE,4.9,17.55,DEN,9.0,100.0,2025-10-12 13:30:00,False,active
6,"you won't, but Drake Maye",Chimere Dike,WR,TEN,RB/WR/TE,9.4,16.2,LV,25.0,100.0,2025-10-12 20:05:00,False,active
6,"you won't, but Drake Maye",Packers D/ST,D/ST,GB,D/ST,3.0,9.24,CIN,26.0,100.0,2025-10-12 20:25:00,False,active
6,"you won't, but Drake Maye",Mason Taylor,TE,NYJ,BE,1.2,9.53,DEN,17.0,100.0,2025-10-12 13:30:00,False,active
6,Montgomery Beer,Ashton Jeanty,RB,LV,RB,16.6,18.18,TEN,13.0,100.0,2025-10-12 20:05:00,False,active
6,Montgomery Beer,Brian Thomas Jr.,WR,JAX,WR,23.0,13.71,SEA,5.0,100.0,2025-10-12 17:00:00,False,active
6,Montgomery Beer,George Kittle,TE,SF,IR,0.0,0.0,TB,27.0,100.0,2025-10-12 20:25:00,False,inactive
6,Montgomery Beer,Baker Mayfield,QB,TB,BE,19.64,19.27,SF,20.0,100.0,2025-10-12 20:25:00,False,active
6,Montgomery Beer,David Montgomery,RB,DET,RB/WR/TE,8.1,12.79,KC,17.0,100.0,2025-10-13 00:20:00,False,active
6,Montgomery Beer,Rashee Rice,WR,KC,BE,0.0,0.0,DET,30.0,100.0,2025-10-13 00:20:00,False,inactive
6,Montgomery Beer,Javonte Williams,RB,DAL,RB,8.4,16.46,CAR,23.0,100.0,2025-10-12 17:00:00,False,active
6,Montgomery Beer,Brandon Aubrey,K,DAL,K,9.0,8.94,CAR,16.0,100.0,2025-10-12 17:00:00,False,active
6,Montgomery Beer,Rashid Shaheed,WR,SEA,WR,8.9,15.1,JAX,16.0,100.0,2025-10-12 17:00:00,False,active
6,Montgomery Beer,Jordan Love,QB,GB,QB,14.96,19.34,CIN,26.0,100.0,2025-10-12 20:25:00,False,active
6,Montgomery Beer,Bills D/ST,D/ST,BUF,D/ST,3.0,6.9,ATL,19.0,100.0,2025-10-13 23:15:00,False,active
6,Montgomery Beer,Nick Chubb,RB,HOU,BE,,,,,,,,
6,Montgomery Beer,Chig Okonkwo,TE,TEN,BE,10.6,6.93,LV,3.0,100.0,2025-10-12 20:05:00,False,active
6,Montgomery Beer,KaVontae Turpin,WR,DAL,BE,0.0,0.0,CAR,3.0,100.0,2025-10-12 17:00:00,False,inactive
6,Montgomery Beer,Darren Waller,TE,MIA,TE,9.2,9.8,LAC,5.0,100.0,2025-10-12 17:00:00,False,active
6,Montgomery Beer,Justice Hill,RB,BAL,BE,9.4,9.23,LAR,3.0,100.0,2025-10-12 17:00:00,False,active
6,Jacks Backs,Ja'Marr Chase,WR,CIN,RB/WR/TE,25.1,15.59,GB,18.0,100.0,2025-10-12 20:25:00,False,active
6,Jacks Backs,Trey McBride,TE,ARI,TE,21.2,14.23,IND,25.0,100.0,2025-10-12 17:00:00,False,active
6,Jacks Backs,Kyren Williams,RB,LAR,RB,16.7,19.69,BAL,22.0,100.0,2025-10-12 17:00:00,False,active
6,Jacks Backs,Courtland Sutton,WR,DEN,WR,2.7,13.3,NYJ,12.0,100.0,2025-10-12 13:30:00,False,active
6,Jacks Backs,Matthew Golden,WR,GB,WR,13.2,12.3,CIN,10.0,100.0,2025-10-12 20:25:00,False,active
6,Jacks Backs,Bo Nix,QB,DEN,QB,13.36,19.46,NYJ,31.0,100.0,2025-10-12 13:30:00,False,active
6,Jacks Backs,Keon Coleman,WR,BUF,BE,4.1,9.82,ATL,26.0,100.0,2025-10-13 23:15:00,False,active
6,Jacks Backs,Cam Skattebo,RB,NYG,RB,31.0,13.85,PHI,21.0,100.0,2025-10-10 00:15:00,False,active
6,Jacks Backs,Bhayshul Tuten,RB,JAX,BE,4.8,6.33,SEA,12.0,100.0,2025-10-12 17:00:00,False,active
6,Jacks Backs,Xavier Legette,WR,CAR,BE,3.1,7.62,DAL,31.0,100.0,2025-10-12 17:00:00,False,active
6,Jacks Backs,Dalton Kincaid,TE,BUF,BE,0.0,0.0,ATL,4.0,100.0,2025-10-13 23:15:00,False,inactive
6,Jacks Backs,Seahawks D/ST,D/ST,SEA,D/ST,13.0,6.72,JAX,11.0,100.0,2025-10-12 17:00:00,False,active
6,Jacks Backs,Tyler Bass,K,BUF,IR,0.0,0.0,ATL,24.0,100.0,2025-10-13 23:15:00,False,inactive
6,Jacks Backs,Matt Prater,K,BUF,K,2.0,8.34,ATL,24.0,100.0,2025-10-13 23:15:00,False,active
6,Jacks Backs,Woody Marks,RB,HOU,BE,,,,,,,,
6,Jacks Backs,Kenneth Gainwell,RB,PIT,BE,12.0,16.46,CLE,16.0,100.0,2025-10-12 17:00:00,False,active
6,Hurts So Good,Jahmyr Gibbs,RB,DET,RB,7.5,18.69,KC,17.0,100.0,2025-10-13 00:20:00,False,active
6,Hurts So Good,DeVonta Smith,WR,PHI,WR,8.9,12.23,NYG,22.0,100.0,2025-10-10 00:15:00,False,active
6,Hurts So Good,Lamar Jackson,QB,BAL,BE,0.0,0.0,LAR,14.0,100.0,2025-10-12 17:00:00,False,inactive
6,Hurts So Good,Mike Evans,WR,TB,BE,0.0,0.0,SF,21.0,100.0,2025-10-12 20:25:00,False,inactive
6,Hurts So Good,D'Andre Swift,RB,CHI,BE,25.5,14.48,WSH,24.0,100.0,2025-10-14 00:15:00,False,active
6,Hurts So Good,Mark Andrews,TE,BAL,TE,6.6,9.36,LAR,16.0,100.0,2025-10-12 17:00:00,False,active
6,Hurts So Good,Rome Odunze,WR,CHI,RB/WR/TE,5.2,16.09,WSH,23.0,100.0,2025-10-14 00:15:00,False,active
6,Hurts So Good,J.K. Dobbins,RB,DEN,RB,4.0,16.01,NYJ,32.0,100.0,2025-10-12 13:30:00,False,active
6,Hurts So Good,Cooper Kupp,WR,SEA,BE,12.0,12.16,JAX,16.0,100.0,2025-10-12 17:00:00,False,active
6,Hurts So Good,Keenan Allen,WR,LAC,WR,6.7,16.28,MIA,8.0,100.0,2025-10-12 17:00:00,False,active
6,Hurts So Good,Texans D/ST,D/ST,HOU,D/ST,,,,,,,,
6,Hurts So Good,Jared Goff,QB,DET,QB,16.82,15.84,KC,13.0,100.0,2025-10-13 00:20:00,False,active
6,Hurts So Good,Jake Elliott,K,PHI,K,6.0,8.27,NYG,23.0,100.0,2025-10-10 00:15:00,False,active
6,Hurts So Good,Hunter Henry,TE,NE,BE,5.7,10.29,NO,13.0,100.0,2025-10-12 17:00:00,False,active
6,Hurts So Good,Brandon Aiyuk,WR,SF,BE,0.0,0.0,TB,17.0,100.0,2025-10-12 20:25:00,False,inactive
6,Naberhood Watch,Malik Nabers,WR,NYG,IR,0.0,0.0,PHI,6.0,100.0,2025-10-10 00:15:00,False,inactive
6,Naberhood Watch,De'Von Achane,RB,MIA,RB,31.0,20.43,LAC,4.0,100.0,2025-10-12 17:00:00,False,active
6,Naberhood Watch,Davante Adams,WR,LAR,WR,7.9,17.3,BAL,28.0,100.0,2025-10-12 17:00:00,False,active
6,Naberhood Watch,Marvin Harrison Jr.,WR,ARI,RB/WR/TE,5.2,11.95,IND,32.0,100.0,2025-10-12 17:00:00,False,active
6,Naberhood Watch,Zay Flowers,WR,BAL,WR,8.6,13.88,LAR,20.0,100.0,2025-10-12 17:00:00,False,active
6,Naberhood Watch,Sam LaPorta,TE,DET,TE,16.5,11.68,KC,7.0,100.0,2025-10-13 00:20:00,False,active
6,Naberhood Watch,Kyler Murray,QB,ARI,QB,0.0,0.0,IND,18.0,100.0,2025-10-12 17:00:00,False,inactive
6,Naberhood Watch,Chris Olave,WR,NO,BE,15.8,14.61,NE,14.0,100.0,2025-10-12 17:00:00,False,active
6,Naberhood Watch,Rhamondre Stevenson,RB,NE,BE,1.8,16.1,NO,7.0,100.0,2025-10-12 17:00:00,False,active
6,Naberhood Watch,Ravens D/ST,D/ST,BAL,D/ST,9.0,4.48,LAR,1.0,100.0,2025-10-12 17:00:00,False,active
6,Naberhood Watch,Jake Bates,K,DET,K,5.0,8.63,KC,15.0,100.0,2025-10-13 00:20:00,False,active
6,Naberhood Watch,Zach Ertz,TE,WSH,BE,16.3,8.59,CHI,15.0,100.0,2025-10-14 00:15:00,False,active
6,Naberhood Watch,Cam Ward,QB,TEN,BE,6.88,12.55,LV,16.0,100.0,2025-10-12 20:05:00,False,active
6,Naberhood Watch,Romeo Doubs,WR,GB,BE,11.9,11.25,CIN,10.0,100.0,2025-10-12 20:25:00,False,active
6,Naberhood Watch,Jacory Croskey-Merritt,RB,WSH,RB,5.8,13.69,CHI,18.0,100.0,2025-10-14 00:15:00,False,active
6,Glock Purdy,Puka Nacua,WR,LAR,WR,4.8,22.81,BAL,28.0,100.0,2025-10-12 17:00:00,False,active
6,Glock Purdy,Nico Collins,WR,HOU,BE,,,,,,,,
6,Glock Purdy,Joe Burrow,QB,CIN,IR,0.0,0.0,GB,12.0,100.0,2025-10-12 20:25:00,False,inactive
6,Glock Purdy,Alvin Kamara,RB,NO,RB,12.6,13.67,NE,9.0,100.0,2025-10-12 17:00:00,False,active
6,Glock Purdy,Aaron Jones Sr.,RB,MIN,BE,,,,,,,,
6,Glock Purdy,Jaylen Waddle,WR,MIA,WR,15.82,15.87,LAC,15.0,100.0,2025-10-12 17:00:00,False,active
6,Glock Purdy,Travis Kelce,TE,KC,TE,13.8,11.17,DET,18.0,100.0,2025-10-13 00:20:00,False,active
6,Glock Purdy,Jordan Mason,RB,MIN,BE,,,,,,,,
6,Glock Purdy,Vikings D/ST,D/ST,MIN,BE,,,,,,,,
6,Glock Purdy,Ka'imi Fairbairn,K,HOU,BE,,,,,,,,
6,Glock Purdy,Wan'Dale Robinson,WR,NYG,BE,20.4,11.6,PHI,6.0,100.0,2025-10-10 00:15:00,False,active
6,Glock Purdy,Quentin Johnston,WR,LAC,RB/WR/TE,0.0,0.0,MIA,8.0,100.0,2025-10-12 17:00:00,False,inactive
6,Glock Purdy,Daniel Jones,QB,IND,QB,22.48,17.17,ARI,19.0,100.0,2025-10-12 17:00:00,False,active
6,Glock Purdy,Patriots D/ST,D/ST,NE,D/ST,6.0,7.57,NO,27.0,100.0,2025-10-12 17:00:00,False,active
6,Glock Purdy,Joshua Karty,K,ARI,K,4.0,8.61,IND,30.0,100.0,2025-10-12 17:00:00,False,active
6,Glock Purdy,Hassan Haskins,RB,LAC,RB,3.3,11.65,MIA,29.0,100.0,2025-10-12 17:00:00,False,active
6,GriddyThemTiddies,Justin Jefferson,WR,MIN,BE,,,,,,,,
6,GriddyThemTiddies,Jonathan Taylor,RB,IND,RB,23.7,23.5,ARI,28.0,100.0,2025-10-12 17:00:00,False,active
6,GriddyThemTiddies,Brock Bowers,TE,LV,BE,0.0,0.0,TEN,21.0,100.0,2025-10-12 20:05:00,False,inactive
6,GriddyThemTiddies,Chuba Hubbard,RB,CAR,BE,0.0,0.0,DAL,30.0,100.0,2025-10-12 17:00:00,False,inactive
6,GriddyThemTiddies,Garrett Wilson,WR,NYJ,WR,4.3,14.91,DEN,9.0,100.0,2025-10-12 13:30:00,False,active
6,GriddyThemTiddies,Travis Hunter,WR,JAX,RB/WR/TE,5.5,9.39,SEA,5.0,100.0,2025-10-12 17:00:00,False,active
6,GriddyThemTiddies,Isiah Pacheco,RB,KC,RB,6.1,8.93,DET,1.0,100.0,2025-10-13 00:20:00,False,active
6,GriddyThemTiddies,Jakobi Meyers,WR,JAX,WR,7.9,13.19,SEA,5.0,100.0,2025-10-12 17:00:00,False,active
6,GriddyThemTiddies,Caleb Williams,QB,CHI,BE,19.88,19.75,WSH,30.0,100.0,2025-10-14 00:15:00,False,active
6,GriddyThemTiddies,Jayden Reed,WR,GB,IR,0.0,0.0,CIN,10.0,100.0,2025-10-12 20:25:00,False,inactive
6,GriddyThemTiddies,Dallas Goedert,TE,PHI,TE,26.0,9.58,NYG,8.0,100.0,2025-10-10 00:15:00,False,active
6,GriddyThemTiddies,Matthew Stafford,QB,LAR,QB,9.34,19.88,BAL,21.0,100.0,2025-10-12 17:00:00,False,active
6,GriddyThemTiddies,Eagles D/ST,D/ST,PHI,D/ST,1.0,8.53,NYG,20.0,100.0,2025-10-10 00:15:00,False,active
6,GriddyThemTiddies,Cam Little,K,JAX,K,-1.5,8.22,SEA,5.0,100.0,2025-10-12 17:00:00,False,active
6,GriddyThemTiddies,Kendrick Bourne,WR,SF,BE,19.2,10.7,TB,17.0,100.0,2025-10-12 20:25:00,False,active
6,GriddyThemTiddies,Isaiah Davis,RB,NYJ,BE,1.1,12.35,DEN,2.0,100.0,2025-10-12 13:30:00,False,active
6,White Corners Klub,Bijan Robinson,RB,ATL,RB,35.8,20.65,BUF,26.0,100.0,2025-10-13 23:15:00,False,active
6,White Corners Klub,Ladd McConkey,WR,LAC,BE,23.0,15.93,MIA,8.0,100.0,2025-10-12 17:00:00,False,active
6,White Corners Klub,Josh Allen,QB,BUF,QB,15.4,20.3,ATL,17.0,100.0,2025-10-13 23:15:00,False,active
6,White Corners Klub,Kenneth Walker III,RB,SEA,RB,4.7,13.9,JAX,5.0,100.0,2025-10-12 17:00:00,False,active
6,White Corners Klub,Jameson Williams,WR,DET,BE,18.6,10.7,KC,4.0,100.0,2025-10-13 00:20:00,False,active
6,White Corners Klub,RJ Harvey,RB,DEN,BE,6.5,12.22,NYJ,32.0,100.0,2025-10-12 13:30:00,False,active
6,White Corners Klub,Tyler Warren,TE,IND,TE,18.3,10.59,ARI,31.0,100.0,2025-10-12 17:00:00,False,active
6,White Corners Klub,Zach Charbonnet,RB,SEA,BE,4.7,10.72,JAX,5.0,100.0,2025-10-12 17:00:00,False,active
6,White Corners Klub,Kyle Pitts Sr.,TE,ATL,BE,4.8,9.09,BUF,1.0,100.0,2025-10-13 23:15:00,False,active
6,White Corners Klub,Trey Benson,RB,ARI,IR,0.0,0.0,IND,8.0,100.0,2025-10-12 17:00:00,False,inactive
6,White Corners Klub,Marvin Mims Jr.,WR,DEN,WR,16.3,15.44,NYJ,12.0,100.0,2025-10-12 13:30:00,False,active
6,White Corners Klub,Malik Washington,WR,MIA,WR,22.4,16.14,LAC,15.0,100.0,2025-10-12 17:00:00,False,active
6,White Corners Klub,Jaguars D/ST,D/ST,JAX,D/ST,2.0,6.95,SEA,10.0,100.0,2025-10-12 17:00:00,False,active
6,White Corners Klub,Michael Carter,RB,ARI,BE,8.4,8.83,IND,8.0,100.0,2025-10-12 17:00:00,False,active
6,White Corners Klub,Jaylen Warren,RB,PIT,RB/WR/TE,8.3,16.02,CLE,16.0,100.0,2025-10-12 17:00:00,False,active
6,White Corners Klub,Jason Myers,K,SEA,K,10.0,8.14,JAX,2.0,100.0,2025-10-12 17:00:00,False,active
7,Tyler's Football Team,A.J. Brown,WR,PHI,WR,28.1,14.9,MIN,1.0,100.0,2025-10-19 17:00:00,False,active
7,Tyler's Football Team,Derrick Henry,RB,BAL,BE,,,,,,,,
7,Tyler's Football Team,Terry McLaurin,WR,WSH,IR,0.0,0.0,DAL,31.0,100.0,2025-10-19 20:25:00,False,inactive
7,Tyler's Football Team,Patrick Mahomes,QB,KC,QB,26.24,22.03,LV,16.0,100.0,2025-10-19 17:00:00,False,active
7,Tyler's Football Team,Calvin Ridley,WR,TEN,BE,0.0,0.0,NE,14.0,100.0,2025-10-19 17:00:00,False,inactive
7,Tyler's Football Team,Khalil Shakir,WR,BUF,BE,,,,,,,,
7,Tyler's Football Team,Jauan Jennings,WR,SF,BE,7.1,8.89,ATL,26.0,100.0,2025-10-20 00:20:00,False,active
7,Tyler's Football Team,Rams D/ST,D/ST,LAR,D/ST,11.0,8.32,JAX,11.0,100.0,2025-10-19 13:30:00,False,active
7,Tyler's Football Team,Spencer Shrader,K,IND,BE,0.0,0.0,LAC,17.0,100.0,2025-10-19 20:05:00,False,inactive
7,Tyler's Football Team,Luke McCaffrey,WR,WSH,WR,20.9,21.18,DAL,31.0,100.0,2025-10-19 20:25:00,False,active
7,Tyler's Football Team,Sean Tucker,RB,TB,RB/WR/TE,1.6,8.14,DET,1.0,100.0,2025-10-20 23:00:00,False,active
7,Tyler's Football Team,Brenton Strange,TE,JAX,BE,0.0,0.0,LAR,16.0,100.0,2025-10-19 13:30:00,False,inactive
7,Tyler's Football Team,Wil Lutz,K,DEN,K,5.0,8.02,NYG,23.0,100.0,2025-10-19 20:05:00,False,active
7,Tyler's Football Team,Bam Knight,RB,ARI,RB,9.4,12.73,GB,11.0,100.0,2025-10-19 20:25:00,False,active
7,Tyler's Football Team,Michael Mayer,TE,LV,TE,2.0,10.39,KC,7.0,100.0,2025-10-19 17:00:00,False,active
7,Tyler's Football Team,Jerome Ford,RB,CLE,RB,3.0,11.69,MIA,29.0,100.0,2025-10-19 17:00:00,False,active
7,Team Beil,Amon-Ra St. Brown,WR,DET,WR,20.6,20.15,TB,17.0,100.0,2025-10-20 23:00:00,False,active
7,Team Beil,Josh Jacobs,RB,GB,RB/WR/TE,18.8,19.25,ARI,28.0,100.0,2025-10-19 20:25:00,False,active
7,Team Beil,Jayden Daniels,QB,WSH,QB,17.74,23.57,DAL,32.0,100.0,2025-10-19 20:25:00,False,active
7,Team Beil,TreVeyon Henderson,RB,NE,RB,0.5,15.73,TEN,13.0,100.0,2025-10-19 17:00:00,False,active
7,Team Beil,George Pickens,WR,DAL,WR,12.2,15.76,WSH,23.0,100.0,2025-10-19 20:25:00,False,active
7,Team Beil,Evan Engram,TE,DEN,TE,9.2,9.3,NYG,8.0,100.0,2025-10-19 20:05:00,False,active
7,Team Beil,Tyrone Tracy Jr.,RB,NYG,BE,10.6,8.6,DEN,2.0,100.0,2025-10-19 20:05:00,False,active
7,Team Beil,Dak Prescott,QB,DAL,BE,23.26,21.79,WSH,30.0,100.0,2025-10-19 20:25:00,False,active
7,Team Beil,Steelers D/ST,D/ST,PIT,D/ST,-1.0,9.37,CIN,26.0,100.0,2025-10-17 00:15:00,False,active
7,Team Beil,Cameron Dicker,K,LAC,K,7.0,8.14,IND,30.0,100.0,2025-10-19 20:05:00,False,active
7,Team Beil,Rachaad White,RB,TB,BE,8.4,18.0,DET,1.0,100.0,2025-10-20 23:00:00,False,active
7,Team Beil,Pat Freiermuth,TE,PIT,BE,28.1,3.28,CIN,32.0,100.0,2025-10-17 00:15:00,False,active
7,Team Beil,Rashod Bateman,WR,BAL,BE,,,,,,,,
7,Team Beil,Rico Dowdle,RB,CAR,RB,10.6,16.75,NYJ,32.0,100.0,2025-10-19 17:00:00,False,active
7,Team Beil,Kayshon Boutte,WR,NE,BE,13.5,8.59,TEN,27.0,100.0,2025-10-19 17:00:00,False,active
7,Philip's Perfect Team,Christian McCaffrey,RB,SF,RB,39.1,22.63,ATL,10.0,100.0,2025-10-20 00:20:00,False,active
7,Philip's Perfect Team,Drake London,WR,ATL,WR,8.2,16.77,SF,21.0,100.0,2025-10-20 00:20:00,False,active
7,Philip's Perfect Team,Tee Higgins,WR,CIN,BE,21.6,10.99,PIT,24.0,100.0,2025-10-17 00:15:00,False,active
7,Philip's Perfect Team,Jaxon Smith-Njigba,WR,SEA,RB/WR/TE,26.3,20.04,HOU,2.0,100.0,2025-10-21 02:00:00,False,active
7,Philip's Perfect Team,Breece Hall,RB,NYJ,RB,7.2,16.23,CAR,23.0,100.0,2025-10-19 17:00:00,False,active
7,Philip's Perfect Team,T.J. Hockenson,TE,MIN,BE,10.3,9.48,PHI,2.0,100.0,2025-10-19 17:00:00,False,active
7,Philip's Perfect Team,Michael Pittman Jr.,WR,IND,WR,20.8,12.74,LAC,15.0,100.0,2025-10-19 20:05:00,False,active
7,Philip's Perfect Team,Brock Purdy,QB,SF,BE,0.0,0.0,ATL,17.0,100.0,2025-10-20 00:20:00,False,inactive
7,Philip's Perfect Team,Deebo Samuel,WR,WSH,BE,0.0,0.0,DAL,31.0,100.0,2025-10-19 20:25:00,False,inactive
7,Philip's Perfect Team,Chris Godwin Jr.,WR,TB,BE,0.0,0.0,DET,30.0,100.0,2025-10-20 23:00:00,False,inactive
7,Philip's Perfect Team,Justin Herbert,QB,LAC,QB,27.9,17.76,IND,18.0,100.0,2025-10-19 20:05:00,False,active
7,Philip's Perfect Team,J.J. McCarthy,QB,MIN,BE,0.0,0.0,PHI,10.0,100.0,2025-10-19 17:00:00,False,inactive
7,Philip's Perfect Team,Jake Ferguson,TE,DAL,TE,21.9,13.77,WSH,28.0,100.0,2025-10-19 20:25:00,False,active
7,Philip's Perfect Team,Colts D/ST,D/ST,IND,D/ST,6.0,7.58,LAC,22.0,100.0,2025-10-19 20:05:00,False,active
7,Philip's Perfect Team,Harrison Butker,K,KC,K,7.0,8.64,LV,26.0,100.0,2025-10-19 17:00:00,False,active
7,"you won't, but Drake Maye",CeeDee Lamb,WR,DAL,WR,22.0,19.41,WSH,23.0,100.0,2025-10-19 20:25:00,False,active
7,"you won't, but Drake Maye",Bucky Irving,RB,TB,BE,0.0,0.0,DET,1.0,100.0,2025-10-20 23:00:00,False,inactive
7,"you won't, but Drake Maye",James Cook III,RB,BUF,BE,,,,,,,,
7,"you won't, but Drake Maye",Omarion Hampton,RB,LAC,IR,0.0,0.0,IND,8.0,100.0,2025-10-19 20:05:00,False,inactive
7,"you won't, but Drake Maye",DK Metcalf,WR,PIT,WR,8.0,15.83,CIN,10.0,100.0,2025-10-17 00:15:00,False,active
7,"you won't, but Drake Maye",Ricky Pearsall,WR,SF,BE,0.0,0.0,ATL,26.0,100.0,2025-10-20 00:20:00,False,inactive
7,"you won't, but Drake Maye",David Njoku,TE,CLE,BE,0.0,0.0,MIA,30.0,100.0,2025-10-19 17:00:00,False,inactive
7,"you won't, but Drake Maye",Stefon Diggs,WR,NE,BE,13.9,13.63,TEN,27.0,100.0,2025-10-19 17:00:00,False,active
7,"you won't, but Drake Maye",Jordan Addison,WR,MIN,BE,21.8,11.92,PHI,6.0,100.0,2025-10-19 17:00:00,False,active
7,"you won't, but Drake Maye",Travis Etienne Jr.,RB,JAX,RB,6.5,13.37,LAR,3.0,100.0,2025-10-19 13:30:00,False,active
7,"you won't, but Drake Maye",Drake Maye,QB,NE,QB,23.08,19.94,TEN,28.0,100.0,2025-10-19 17:00:00,False,active
7,"you won't, but Drake Maye",Eddy Pineiro,K,SF,K,11.0,8.03,ATL,24.0,100.0,2025-10-20 00:20:00,False,active
7,"you won't, but Drake Maye",Chimere Dike,WR,TEN,RB/WR/TE,26.8,18.58,NE,14.0,100.0,2025-10-19 17:00:00,False,active
7,"you won't, but Drake Maye",Packers D/ST,D/ST,GB,D/ST,9.0,7.22,ARI,23.0,100.0,2025-10-19 20:25:00,False,active
7,"you won't, but Drake Maye",Kimani Vidal,RB,LAC,RB,7.5,12.2,IND,8.0,100.0,2025-10-19 20:05:00,False,active
7,"you won't, but Drake Maye",Mason Taylor,TE,NYJ,TE,6.1,9.43,CAR,19.0,100.0,2025-10-19 17:00:00,False,active
7,SaquonDeese,Saquon Barkley,RB,PHI,RB,5.2,16.09,MIN,6.0,100.0,2025-10-19 17:00:00,False,active
7,SaquonDeese,Chase Brown,RB,CIN,BE,12.0,11.41,PIT,14.0,100.0,2025-10-17 00:15:00,False,active
7,SaquonDeese,Jalen Hurts,QB,PHI,QB,24.04,19.85,MIN,1.0,100.0,2025-10-19 17:00:00,False,active
7,SaquonDeese,Xavier Worthy,WR,KC,RB/WR/TE,7.8,13.42,LV,25.0,100.0,2025-10-19 17:00:00,False,active
7,SaquonDeese,Tetairoa McMillan,WR,CAR,WR,6.3,12.5,NYJ,12.0,100.0,2025-10-19 17:00:00,False,active
7,SaquonDeese,Jerry Jeudy,WR,CLE,BE,3.7,11.7,MIA,8.0,100.0,2025-10-19 17:00:00,False,active
7,SaquonDeese,Emeka Egbuka,WR,TB,BE,9.8,12.8,DET,30.0,100.0,2025-10-20 23:00:00,False,active
7,SaquonDeese,Tucker Kraft,TE,GB,BE,16.8,9.4,ARI,31.0,100.0,2025-10-19 20:25:00,False,active
7,SaquonDeese,Broncos D/ST,D/ST,DEN,D/ST,5.0,8.82,NYG,20.0,100.0,2025-10-19 20:05:00,False,active
7,SaquonDeese,Chase McLaughlin,K,TB,K,5.0,8.54,DET,19.0,100.0,2025-10-20 23:00:00,False,active
7,SaquonDeese,Quinshon Judkins,RB,CLE,RB,26.4,16.3,MIA,29.0,100.0,2025-10-19 17:00:00,False,active
7,SaquonDeese,Hollywood Brown,WR,KC,BE,9.4,6.67,LV,25.0,100.0,2025-10-19 17:00:00,False,active
7,SaquonDeese,Harold Fannin Jr.,TE,CLE,TE,7.6,11.72,MIA,30.0,100.0,2025-10-19 17:00:00,False,active
7,SaquonDeese,Tre Tucker,WR,LV,WR,8.3,13.88,KC,4.0,100.0,2025-10-19 17:00:00,False,active
7,SaquonDeese,AJ Barner,TE,SEA,BE,1.9,7.68,HOU,11.0,100.0,2025-10-21 02:00:00,False,active
7,Jacks Backs,Ja'Marr Chase,WR,CIN,WR,38.1,16.14,PIT,24.0,100.0,2025-10-17 00:15:00,False,active
7,Jacks Backs,Trey McBride,TE,ARI,TE,29.4,16.28,GB,10.0,100.0,2025-10-19 20:25:00,False,active
7,Jacks Backs,Kyren Williams,RB,LAR,RB,8.5,16.54,JAX,5.0,100.0,2025-10-19 13:30:00,False,active
7,Jacks Backs,Courtland Sutton,WR,DEN,WR,16.7,12.75,NYG,22.0,100.0,2025-10-19 20:05:00,False,active
7,Jacks Backs,Matthew Golden,WR,GB,RB/WR/TE,7.7,12.56,ARI,19.0,100.0,2025-10-19 20:25:00,False,active
7,Jacks Backs,Bo Nix,QB,DEN,QB,39.96,16.69,NYG,25.0,100.0,2025-10-19 20:05:00,False,active
7,Jacks Backs,Keon Coleman,WR,BUF,BE,,,,,,,,
7,Jacks Backs,Cam Skattebo,RB,NYG,RB,18.4,14.02,DEN,2.0,100.0,2025-10-19 20:05:00,False,active
7,Jacks Backs,Bhayshul Tuten,RB,JAX,BE,2.2,5.74,LAR,3.0,100.0,2025-10-19 13:30:00,False,active
7,Jacks Backs,Dalton Kincaid,TE,BUF,BE,,,,,,,,
7,Jacks Backs,Seahawks D/ST,D/ST,SEA,D/ST,11.0,7.59,HOU,12.0,100.0,2025-10-21 02:00:00,False,active
7,Jacks Backs,Tyler Bass,K,BUF,IR,,,,,,,,
7,Jacks Backs,Woody Marks,RB,HOU,BE,12.5,9.12,SEA,12.0,100.0,2025-10-21 02:00:00,False,active
7,Jacks Backs,Kenneth Gainwell,RB,PIT,BE,12.3,16.63,CIN,31.0,100.0,2025-10-17 00:15:00,False,active
7,Jacks Backs,Michael Badgley,K,None,K,,,,,,,,
7,Jacks Backs,Sterling Shepard,WR,TB,BE,7.5,7.95,DET,30.0,100.0,2025-10-20 23:00:00,False,active
7,Montgomery Beer,Ashton Jeanty,RB,LV,RB,4.4,16.41,KC,17.0,100.0,2025-10-19 17:00:00,False,active
7,Montgomery Beer,Brian Thomas Jr.,WR,JAX,WR,6.1,13.94,LAR,20.0,100.0,2025-10-19 13:30:00,False,active
7,Montgomery Beer,George Kittle,TE,SF,IR,0.0,13.0,ATL,4.0,100.0,2025-10-20 00:20:00,False,active
7,Montgomery Beer,Baker Mayfield,QB,TB,BE,11.12,19.32,DET,24.0,100.0,2025-10-20 23:00:00,False,active
7,Montgomery Beer,David Montgomery,RB,DET,RB/WR/TE,5.9,11.8,TB,19.0,100.0,2025-10-20 23:00:00,False,active
7,Montgomery Beer,Rashee Rice,WR,KC,BE,23.2,13.73,LV,25.0,100.0,2025-10-19 17:00:00,False,active
7,Montgomery Beer,Javonte Williams,RB,DAL,RB,18.8,17.64,WSH,24.0,100.0,2025-10-19 20:25:00,False,active
7,Montgomery Beer,Brandon Aubrey,K,DAL,K,18.0,9.16,WSH,19.0,100.0,2025-10-19 20:25:00,False,active
7,Montgomery Beer,Rashid Shaheed,WR,SEA,WR,8.0,16.34,HOU,2.0,100.0,2025-10-21 02:00:00,False,active
7,Montgomery Beer,Jordan Love,QB,GB,QB,13.36,17.36,ARI,19.0,100.0,2025-10-19 20:25:00,False,active
7,Montgomery Beer,Nick Chubb,RB,HOU,BE,2.1,9.43,SEA,12.0,100.0,2025-10-21 02:00:00,False,active
7,Montgomery Beer,Chig Okonkwo,TE,TEN,TE,0.0,8.92,NE,20.0,100.0,2025-10-19 17:00:00,False,active
7,Montgomery Beer,KaVontae Turpin,WR,DAL,BE,11.1,14.25,WSH,23.0,100.0,2025-10-19 20:25:00,False,active
7,Montgomery Beer,Darren Waller,TE,MIA,BE,0.0,8.57,CLE,14.0,100.0,2025-10-19 17:00:00,False,active
7,Montgomery Beer,Justice Hill,RB,BAL,BE,,,,,,,,
7,Montgomery Beer,Chiefs D/ST,D/ST,KC,D/ST,13.0,9.36,LV,32.0,100.0,2025-10-19 17:00:00,False,active
7,Naberhood Watch,Malik Nabers,WR,NYG,IR,0.0,0.0,DEN,9.0,100.0,2025-10-19 20:05:00,False,inactive
7,Naberhood Watch,De'Von Achane,RB,MIA,RB,12.8,21.54,CLE,16.0,100.0,2025-10-19 17:00:00,False,active
7,Naberhood Watch,Davante Adams,WR,LAR,RB/WR/TE,26.5,19.27,JAX,16.0,100.0,2025-10-19 13:30:00,False,active
7,Naberhood Watch,Marvin Harrison Jr.,WR,ARI,WR,7.8,12.49,GB,18.0,100.0,2025-10-19 20:25:00,False,active
7,Naberhood Watch,Zay Flowers,WR,BAL,BE,,,,,,,,
7,Naberhood Watch,Sam LaPorta,TE,DET,TE,4.5,12.99,TB,27.0,100.0,2025-10-20 23:00:00,False,active
7,Naberhood Watch,Kyler Murray,QB,ARI,BE,0.0,0.0,GB,12.0,100.0,2025-10-19 20:25:00,False,inactive
7,Naberhood Watch,Chris Olave,WR,NO,WR,26.8,15.6,CHI,29.0,100.0,2025-10-19 17:00:00,False,active
7,Naberhood Watch,Rhamondre Stevenson,RB,NE,BE,16.8,16.04,TEN,13.0,100.0,2025-10-19 17:00:00,False,active
7,Naberhood Watch,Ravens D/ST,D/ST,BAL,BE,,,,,,,,
7,Naberhood Watch,Jake Bates,K,DET,K,7.0,8.77,TB,11.0,100.0,2025-10-20 23:00:00,False,active
7,Naberhood Watch,Zach Ertz,TE,WSH,BE,12.7,11.21,DAL,12.0,100.0,2025-10-19 20:25:00,False,active
7,Naberhood Watch,Cam Ward,QB,TEN,QB,10.2,12.82,NE,11.0,100.0,2025-10-19 17:00:00,False,active
7,Naberhood Watch,Romeo Doubs,WR,GB,BE,13.2,12.75,ARI,19.0,100.0,2025-10-19 20:25:00,False,active
7,Naberhood Watch,Jacory Croskey-Merritt,RB,WSH,RB,4.2,16.07,DAL,30.0,100.0,2025-10-19 20:25:00,False,active
7,Naberhood Watch,Falcons D/ST,D/ST,ATL,D/ST,4.0,8.02,SF,13.0,100.0,2025-10-20 00:20:00,False,active
7,Hurts So Good,Jahmyr Gibbs,RB,DET,RB,36.8,18.22,TB,19.0,100.0,2025-10-20 23:00:00,False,active
7,Hurts So Good,DeVonta Smith,WR,PHI,WR,33.3,12.46,MIN,1.0,100.0,2025-10-19 17:00:00,False,active
7,Hurts So Good,Lamar Jackson,QB,BAL,BE,,,,,,,,
7,Hurts So Good,Mike Evans,WR,TB,BE,0.0,14.0,DET,30.0,100.0,2025-10-20 23:00:00,False,active
7,Hurts So Good,D'Andre Swift,RB,CHI,RB,20.8,15.7,NO,7.0,100.0,2025-10-19 17:00:00,False,active
7,Hurts So Good,Mark Andrews,TE,BAL,BE,,,,,,,,
7,Hurts So Good,Rome Odunze,WR,CHI,RB/WR/TE,5.1,14.18,NO,7.0,100.0,2025-10-19 17:00:00,False,active
7,Hurts So Good,J.K. Dobbins,RB,DEN,BE,9.0,12.8,NYG,27.0,100.0,2025-10-19 20:05:00,False,active
7,Hurts So Good,Cooper Kupp,WR,SEA,BE,2.2,10.72,HOU,2.0,100.0,2025-10-21 02:00:00,False,active
7,Hurts So Good,Keenan Allen,WR,LAC,WR,28.9,13.52,IND,32.0,100.0,2025-10-19 20:05:00,False,active
7,Hurts So Good,Texans D/ST,D/ST,HOU,D/ST,19.0,7.04,SEA,10.0,100.0,2025-10-21 02:00:00,False,active
7,Hurts So Good,Jared Goff,QB,DET,QB,10.34,16.83,TB,29.0,100.0,2025-10-20 23:00:00,False,active
7,Hurts So Good,Jake Elliott,K,PHI,K,3.0,7.96,MIN,22.0,100.0,2025-10-19 17:00:00,False,active
7,Hurts So Good,Hunter Henry,TE,NE,TE,7.3,9.35,TEN,21.0,100.0,2025-10-19 17:00:00,False,active
7,Hurts So Good,Brandon Aiyuk,WR,SF,BE,0.0,0.0,ATL,26.0,100.0,2025-10-20 00:20:00,False,inactive
7,GriddyThemTiddies,Justin Jefferson,WR,MIN,WR,12.9,18.17,PHI,6.0,100.0,2025-10-19 17:00:00,False,active
7,GriddyThemTiddies,Jonathan Taylor,RB,IND,RB,34.2,24.37,LAC,4.0,100.0,2025-10-19 20:05:00,False,active
7,GriddyThemTiddies,Brock Bowers,TE,LV,BE,0.0,0.0,KC,7.0,100.0,2025-10-19 17:00:00,False,inactive
7,GriddyThemTiddies,Chuba Hubbard,RB,CAR,BE,7.5,8.55,NYJ,32.0,100.0,2025-10-19 17:00:00,False,active
7,GriddyThemTiddies,Garrett Wilson,WR,NYJ,BE,0.0,0.0,CAR,3.0,100.0,2025-10-19 17:00:00,False,inactive
7,GriddyThemTiddies,Travis Hunter,WR,JAX,WR,24.1,9.88,LAR,20.0,100.0,2025-10-19 13:30:00,False,active
7,GriddyThemTiddies,Isiah Pacheco,RB,KC,RB,12.4,11.49,LV,15.0,100.0,2025-10-19 17:00:00,False,active
7,GriddyThemTiddies,Jakobi Meyers,WR,JAX,BE,0.0,0.0,LAR,20.0,100.0,2025-10-19 13:30:00,False,inactive
7,GriddyThemTiddies,Caleb Williams,QB,CHI,QB,4.68,19.07,NO,8.0,100.0,2025-10-19 17:00:00,False,active
7,GriddyThemTiddies,Jayden Reed,WR,GB,IR,0.0,0.0,ARI,19.0,100.0,2025-10-19 20:25:00,False,inactive
7,GriddyThemTiddies,Dallas Goedert,TE,PHI,TE,4.8,11.69,MIN,6.0,100.0,2025-10-19 17:00:00,False,active
7,GriddyThemTiddies,Matthew Stafford,QB,LAR,BE,27.38,17.15,JAX,15.0,100.0,2025-10-19 13:30:00,False,active
7,GriddyThemTiddies,Eagles D/ST,D/ST,PHI,D/ST,12.0,8.41,MIN,30.0,100.0,2025-10-19 17:00:00,False,active
7,GriddyThemTiddies,Cam Little,K,JAX,K,0.0,7.49,LAR,10.0,100.0,2025-10-19 13:30:00,False,active
7,GriddyThemTiddies,Kendrick Bourne,WR,SF,RB/WR/TE,3.4,10.2,ATL,26.0,100.0,2025-10-20 00:20:00,False,active
7,GriddyThemTiddies,Michael Carter,RB,ARI,BE,5.6,11.12,GB,11.0,100.0,2025-10-19 20:25:00,False,active
7,Glock Purdy,Puka Nacua,WR,LAR,BE,0.0,0.0,JAX,16.0,100.0,2025-10-19 13:30:00,False,inactive
7,Glock Purdy,Nico Collins,WR,HOU,RB/WR/TE,6.7,17.66,SEA,5.0,100.0,2025-10-21 02:00:00,False,active
7,Glock Purdy,Joe Burrow,QB,CIN,IR,0.0,0.0,PIT,27.0,100.0,2025-10-17 00:15:00,False,inactive
7,Glock Purdy,Alvin Kamara,RB,NO,RB,5.9,15.42,CHI,18.0,100.0,2025-10-19 17:00:00,False,active
7,Glock Purdy,Aaron Jones Sr.,RB,MIN,BE,0.0,0.0,PHI,21.0,100.0,2025-10-19 17:00:00,False,inactive
7,Glock Purdy,Jaylen Waddle,WR,MIA,WR,2.5,14.42,CLE,13.0,100.0,2025-10-19 17:00:00,False,active
7,Glock Purdy,Travis Kelce,TE,KC,TE,8.4,10.76,LV,3.0,100.0,2025-10-19 17:00:00,False,active
7,Glock Purdy,Jordan Mason,RB,MIN,RB,11.7,14.11,PHI,21.0,100.0,2025-10-19 17:00:00,False,active
7,Glock Purdy,Vikings D/ST,D/ST,MIN,BE,3.0,7.69,PHI,14.0,100.0,2025-10-19 17:00:00,False,active
7,Glock Purdy,Ka'imi Fairbairn,K,HOU,K,8.0,7.92,SEA,5.0,100.0,2025-10-21 02:00:00,False,active
7,Glock Purdy,Wan'Dale Robinson,WR,NYG,BE,15.5,11.35,DEN,9.0,100.0,2025-10-19 20:05:00,False,active
7,Glock Purdy,Quentin Johnston,WR,LAC,WR,11.0,14.9,IND,32.0,100.0,2025-10-19 20:05:00,False,active
7,Glock Purdy,Daniel Jones,QB,IND,QB,22.22,18.38,LAC,2.0,100.0,2025-10-19 20:05:00,False,active
7,Glock Purdy,Patriots D/ST,D/ST,NE,D/ST,21.0,8.5,TEN,29.0,100.0,2025-10-19 17:00:00,False,active
7,Glock Purdy,DJ Moore,WR,CHI,BE,8.2,10.52,NO,7.0,100.0,2025-10-19 17:00:00,False,active
7,White Corners Klub,Bijan Robinson,RB,ATL,RB,21.2,22.73,SF,25.0,100.0,2025-10-20 00:20:00,False,active
7,White Corners Klub,Ladd McConkey,WR,LAC,RB/WR/TE,15.7,14.02,IND,32.0,100.0,2025-10-19 20:05:00,False,active
7,White Corners Klub,Josh Allen,QB,BUF,BE,,,,,,,,
7,White Corners Klub,Kenneth Walker III,RB,SEA,BE,6.6,11.03,HOU,20.0,100.0,2025-10-21 02:00:00,False,active
7,White Corners Klub,Jameson Williams,WR,DET,BE,0.0,13.2,TB,17.0,100.0,2025-10-20 23:00:00,False,active
7,White Corners Klub,RJ Harvey,RB,DEN,BE,7.2,12.08,NYG,27.0,100.0,2025-10-19 20:05:00,False,active
7,White Corners Klub,Tyler Warren,TE,IND,TE,16.9,12.45,LAC,5.0,100.0,2025-10-19 20:05:00,False,active
7,White Corners Klub,Zach Charbonnet,RB,SEA,BE,19.5,9.7,HOU,20.0,100.0,2025-10-21 02:00:00,False,active
7,White Corners Klub,Kyle Pitts Sr.,TE,ATL,BE,13.2,8.74,SF,24.0,100.0,2025-10-20 00:20:00,False,active
7,White Corners Klub,Trey Benson,RB,ARI,IR,0.0,0.0,GB,11.0,100.0,2025-10-19 20:25:00,False,inactive
7,White Corners Klub,Marvin Mims Jr.,WR,DEN,WR,18.7,13.16,NYG,22.0,100.0,2025-10-19 20:05:00,False,active
7,White Corners Klub,Malik Washington,WR,MIA,WR,20.5,16.73,CLE,13.0,100.0,2025-10-19 17:00:00,False,active
7,White Corners Klub,Jaguars D/ST,D/ST,JAX,D/ST,-1.0,6.26,LAR,1.0,100.0,2025-10-19 13:30:00,False,active
7,White Corners Klub,Jaylen Warren,RB,PIT,RB,19.8,16.56,CIN,31.0,100.0,2025-10-17 00:15:00,False,active
7,White Corners Klub,Jason Myers,K,SEA,K,9.0,8.01,HOU,1.0,100.0,2025-10-21 02:00:00,False,active
7,White Corners Klub,Trevor Lawrence,QB,JAX,QB,17.64,15.08,LAR,14.0,100.0,2025-10-19 13:30:00,False,active
8,Team Beil,Amon-Ra St. Brown,WR,DET,BE,,,,,,,,
8,Team Beil,Josh Jacobs,RB,GB,RB,13.5,19.24,PIT,14.0,100.0,2025-10-27 00:20:00,False,active
8,Team Beil,Jayden Daniels,QB,WSH,BE,0.0,0.0,KC,13.0,100.0,2025-10-28 00:15:00,False,inactive
8,Team Beil,TreVeyon Henderson,RB,NE,BE,11.0,14.3,CLE,16.0,100.0,2025-10-26 17:00:00,False,active
8,Team Beil,George Pickens,WR,DAL,WR,14.8,14.3,DEN,9.0,100.0,2025-10-26 20:25:00,False,active
8,Team Beil,Evan Engram,TE,DEN,TE,7.6,9.86,DAL,12.0,100.0,2025-10-26 20:25:00,False,active
8,Team Beil,Tyrone Tracy Jr.,RB,NYG,BE,7.3,5.28,PHI,21.0,100.0,2025-10-26 17:00:00,False,active
8,Team Beil,Dak Prescott,QB,DAL,QB,6.62,18.26,DEN,9.0,100.0,2025-10-26 20:25:00,False,active
8,Team Beil,Steelers D/ST,D/ST,PIT,D/ST,-5.0,5.42,GB,7.0,100.0,2025-10-27 00:20:00,False,active
8,Team Beil,Cameron Dicker,K,LAC,K,14.0,8.41,MIN,22.0,100.0,2025-10-24 00:15:00,False,active
8,Team Beil,Rachaad White,RB,TB,BE,8.1,16.9,NO,7.0,100.0,2025-10-26 20:05:00,False,active
8,Team Beil,Pat Freiermuth,TE,PIT,BE,4.3,5.15,GB,10.0,100.0,2025-10-27 00:20:00,False,active
8,Team Beil,Rico Dowdle,RB,CAR,RB,8.3,15.16,BUF,26.0,100.0,2025-10-26 17:00:00,False,active
8,Team Beil,Kayshon Boutte,WR,NE,WR,16.5,7.64,CLE,13.0,100.0,2025-10-26 17:00:00,False,active
8,Team Beil,Kyle Monangai,RB,CHI,RB/WR/TE,2.4,8.53,BAL,22.0,100.0,2025-10-26 17:00:00,False,active
8,"you won't, but Drake Maye",CeeDee Lamb,WR,DAL,WR,14.6,16.85,DEN,9.0,100.0,2025-10-26 20:25:00,False,active
8,"you won't, but Drake Maye",Bucky Irving,RB,TB,BE,0.0,0.0,NO,7.0,100.0,2025-10-26 20:05:00,False,inactive
8,"you won't, but Drake Maye",James Cook III,RB,BUF,RB,33.6,15.23,CAR,23.0,100.0,2025-10-26 17:00:00,False,active
8,"you won't, but Drake Maye",Omarion Hampton,RB,LAC,IR,0.0,0.0,MIN,6.0,100.0,2025-10-24 00:15:00,False,inactive
8,"you won't, but Drake Maye",Ricky Pearsall,WR,SF,BE,0.0,0.0,HOU,2.0,100.0,2025-10-26 17:00:00,False,inactive
8,"you won't, but Drake Maye",David Njoku,TE,CLE,BE,13.7,10.24,NE,20.0,100.0,2025-10-26 17:00:00,False,active
8,"you won't, but Drake Maye",Stefon Diggs,WR,NE,WR,10.4,12.83,CLE,13.0,100.0,2025-10-26 17:00:00,False,active
8,"you won't, but Drake Maye",Jordan Addison,WR,MIN,BE,11.6,12.71,LAC,15.0,100.0,2025-10-24 00:15:00,False,active
8,"you won't, but Drake Maye",Travis Etienne Jr.,RB,JAX,BE,,,,,,,,
8,"you won't, but Drake Maye",Drake Maye,QB,NE,QB,26.28,18.21,CLE,5.0,100.0,2025-10-26 17:00:00,False,active
8,"you won't, but Drake Maye",Eddy Pineiro,K,SF,K,1.0,7.79,HOU,1.0,100.0,2025-10-26 17:00:00,False,active
8,"you won't, but Drake Maye",Chimere Dike,WR,TEN,RB/WR/TE,33.9,21.0,IND,32.0,100.0,2025-10-26 20:25:00,False,active
8,"you won't, but Drake Maye",Packers D/ST,D/ST,GB,D/ST,7.0,6.73,PIT,16.0,100.0,2025-10-27 00:20:00,False,active
8,"you won't, but Drake Maye",Kimani Vidal,RB,LAC,BE,19.7,12.74,MIN,6.0,100.0,2025-10-24 00:15:00,False,active
8,"you won't, but Drake Maye",Oronde Gadsden,TE,LAC,TE,18.7,11.05,MIN,6.0,100.0,2025-10-24 00:15:00,False,active
8,"you won't, but Drake Maye",Chase Brown,RB,CIN,RB,25.5,12.31,NYJ,32.0,100.0,2025-10-26 17:00:00,False,active
8,Jacks Backs,Ja'Marr Chase,WR,CIN,WR,21.1,19.7,NYJ,12.0,100.0,2025-10-26 17:00:00,False,active
8,Jacks Backs,Trey McBride,TE,ARI,BE,,,,,,,,
8,Jacks Backs,Kyren Williams,RB,LAR,BE,,,,,,,,
8,Jacks Backs,Courtland Sutton,WR,DEN,WR,10.7,13.75,DAL,31.0,100.0,2025-10-26 20:25:00,False,active
8,Jacks Backs,Matthew Golden,WR,GB,RB/WR/TE,3.4,11.19,PIT,24.0,100.0,2025-10-27 00:20:00,False,active
8,Jacks Backs,Bo Nix,QB,DEN,QB,23.78,21.19,DAL,32.0,100.0,2025-10-26 20:25:00,False,active
8,Jacks Backs,Cam Skattebo,RB,NYG,RB,10.0,14.31,PHI,21.0,100.0,2025-10-26 17:00:00,False,active
8,Jacks Backs,Dalton Kincaid,TE,BUF,BE,3.3,9.8,CAR,19.0,100.0,2025-10-26 17:00:00,False,active
8,Jacks Backs,Seahawks D/ST,D/ST,SEA,BE,,,,,,,,
8,Jacks Backs,Tyler Bass,K,BUF,IR,0.0,0.0,CAR,16.0,100.0,2025-10-26 17:00:00,False,inactive
8,Jacks Backs,Woody Marks,RB,HOU,BE,15.1,10.85,SF,25.0,100.0,2025-10-26 17:00:00,False,active
8,Jacks Backs,Kenneth Gainwell,RB,PIT,RB,12.5,15.22,GB,11.0,100.0,2025-10-27 00:20:00,False,active
8,Jacks Backs,Michael Badgley,K,None,K,,,,,,,,
8,Jacks Backs,Sterling Shepard,WR,TB,BE,1.8,7.97,NO,7.0,100.0,2025-10-26 20:05:00,False,active
8,Jacks Backs,Browns D/ST,D/ST,CLE,D/ST,8.0,6.91,NE,9.0,100.0,2025-10-26 17:00:00,False,active
8,Jacks Backs,Cade Otton,TE,TB,TE,8.0,9.91,NO,13.0,100.0,2025-10-26 20:05:00,False,active
8,Tyler's Football Team,A.J. Brown,WR,PHI,BE,0.0,0.0,NYG,22.0,100.0,2025-10-26 17:00:00,False,inactive
8,Tyler's Football Team,Derrick Henry,RB,BAL,RB,19.1,16.13,CHI,18.0,100.0,2025-10-26 17:00:00,False,active
8,Tyler's Football Team,Terry McLaurin,WR,WSH,BE,14.4,11.84,KC,4.0,100.0,2025-10-28 00:15:00,False,active
8,Tyler's Football Team,Patrick Mahomes,QB,KC,QB,22.96,24.46,WSH,30.0,100.0,2025-10-28 00:15:00,False,active
8,Tyler's Football Team,Calvin Ridley,WR,TEN,BE,0.0,0.0,IND,32.0,100.0,2025-10-26 20:25:00,False,inactive
8,Tyler's Football Team,Jauan Jennings,WR,SF,BE,8.5,9.04,HOU,2.0,100.0,2025-10-26 17:00:00,False,active
8,Tyler's Football Team,Luke McCaffrey,WR,WSH,WR,9.1,12.54,KC,4.0,100.0,2025-10-28 00:15:00,False,active
8,Tyler's Football Team,Sean Tucker,RB,TB,RB/WR/TE,15.2,7.09,NO,7.0,100.0,2025-10-26 20:05:00,False,active
8,Tyler's Football Team,Wil Lutz,K,DEN,K,9.0,8.45,DAL,27.0,100.0,2025-10-26 20:25:00,False,active
8,Tyler's Football Team,Bam Knight,RB,ARI,BE,,,,,,,,
8,Tyler's Football Team,Michael Mayer,TE,LV,BE,,,,,,,,
8,Tyler's Football Team,Buccaneers D/ST,D/ST,TB,D/ST,26.0,7.52,NO,27.0,100.0,2025-10-26 20:05:00,False,active
8,Tyler's Football Team,Jaylin Noel,WR,HOU,WR,12.4,12.62,SF,21.0,100.0,2025-10-26 17:00:00,False,active
8,Tyler's Football Team,Theo Johnson,TE,NYG,TE,5.0,9.51,PHI,2.0,100.0,2025-10-26 17:00:00,False,active
8,Tyler's Football Team,Samaje Perine,RB,CIN,RB,17.0,9.51,NYJ,32.0,100.0,2025-10-26 17:00:00,False,active
8,Naberhood Watch,Malik Nabers,WR,NYG,IR,0.0,0.0,PHI,6.0,100.0,2025-10-26 17:00:00,False,inactive
8,Naberhood Watch,De'Von Achane,RB,MIA,RB,20.1,19.61,ATL,10.0,100.0,2025-10-26 17:00:00,False,active
8,Naberhood Watch,Davante Adams,WR,LAR,BE,,,,,,,,
8,Naberhood Watch,Marvin Harrison Jr.,WR,ARI,BE,,,,,,,,
8,Naberhood Watch,Zay Flowers,WR,BAL,WR,14.1,12.8,CHI,29.0,100.0,2025-10-26 17:00:00,False,active
8,Naberhood Watch,Sam LaPorta,TE,DET,BE,,,,,,,,
8,Naberhood Watch,Chris Olave,WR,NO,WR,14.0,16.87,TB,17.0,100.0,2025-10-26 20:05:00,False,active
8,Naberhood Watch,Rhamondre Stevenson,RB,NE,RB/WR/TE,5.9,13.02,CLE,16.0,100.0,2025-10-26 17:00:00,False,active
8,Naberhood Watch,Ravens D/ST,D/ST,BAL,BE,6.0,4.68,CHI,1.0,100.0,2025-10-26 17:00:00,False,active
8,Naberhood Watch,Jake Bates,K,DET,BE,,,,,,,,
8,Naberhood Watch,Zach Ertz,TE,WSH,TE,5.6,9.05,KC,7.0,100.0,2025-10-28 00:15:00,False,active
8,Naberhood Watch,Romeo Doubs,WR,GB,BE,11.1,12.66,PIT,24.0,100.0,2025-10-27 00:20:00,False,active
8,Naberhood Watch,Jacory Croskey-Merritt,RB,WSH,RB,2.5,11.53,KC,17.0,100.0,2025-10-28 00:15:00,False,active
8,Naberhood Watch,Falcons D/ST,D/ST,ATL,D/ST,1.0,8.4,MIA,23.0,100.0,2025-10-26 17:00:00,False,active
8,Naberhood Watch,Chris Boswell,K,PIT,K,20.0,8.67,GB,14.0,100.0,2025-10-27 00:20:00,False,active
8,Naberhood Watch,C.J. Stroud,QB,HOU,QB,21.72,17.32,SF,20.0,100.0,2025-10-26 17:00:00,False,active
8,Philip's Perfect Team,Christian McCaffrey,RB,SF,RB,9.8,21.61,HOU,20.0,100.0,2025-10-26 17:00:00,False,active
8,Philip's Perfect Team,Drake London,WR,ATL,WR,0.0,0.0,MIA,8.0,100.0,2025-10-26 17:00:00,False,inactive
8,Philip's Perfect Team,Tee Higgins,WR,CIN,RB/WR/TE,11.4,12.43,NYJ,12.0,100.0,2025-10-26 17:00:00,False,active
8,Philip's Perfect Team,Jaxon Smith-Njigba,WR,SEA,BE,,,,,,,,
8,Philip's Perfect Team,Breece Hall,RB,NYJ,RB,32.86,18.05,CIN,31.0,100.0,2025-10-26 17:00:00,False,active
8,Philip's Perfect Team,T.J. Hockenson,TE,MIN,BE,4.6,10.16,LAC,5.0,100.0,2025-10-24 00:15:00,False,active
8,Philip's Perfect Team,Michael Pittman Jr.,WR,IND,WR,23.5,13.78,TEN,27.0,100.0,2025-10-26 20:25:00,False,active
8,Philip's Perfect Team,Brock Purdy,QB,SF,BE,0.0,0.0,HOU,3.0,100.0,2025-10-26 17:00:00,False,inactive
8,Philip's Perfect Team,Deebo Samuel,WR,WSH,BE,4.2,14.25,KC,4.0,100.0,2025-10-28 00:15:00,False,active
8,Philip's Perfect Team,Chris Godwin Jr.,WR,TB,BE,0.0,0.0,NO,7.0,100.0,2025-10-26 20:05:00,False,inactive
8,Philip's Perfect Team,Justin Herbert,QB,LAC,QB,25.28,20.06,MIN,1.0,100.0,2025-10-24 00:15:00,False,active
8,Philip's Perfect Team,J.J. McCarthy,QB,MIN,BE,0.0,0.0,LAC,2.0,100.0,2025-10-24 00:15:00,False,inactive
8,Philip's Perfect Team,Jake Ferguson,TE,DAL,TE,0.0,13.15,DEN,17.0,100.0,2025-10-26 20:25:00,False,active
8,Philip's Perfect Team,Colts D/ST,D/ST,IND,D/ST,10.0,8.29,TEN,29.0,100.0,2025-10-26 20:25:00,False,active
8,Philip's Perfect Team,Harrison Butker,K,KC,K,4.0,8.75,WSH,19.0,100.0,2025-10-28 00:15:00,False,active
8,GriddyThemTiddies,Justin Jefferson,WR,MIN,WR,14.4,18.25,LAC,15.0,100.0,2025-10-24 00:15:00,False,active
8,GriddyThemTiddies,Jonathan Taylor,RB,IND,RB,37.4,25.65,TEN,13.0,100.0,2025-10-26 20:25:00,False,active
8,GriddyThemTiddies,Brock Bowers,TE,LV,BE,,,,,,,,
8,GriddyThemTiddies,Chuba Hubbard,RB,CAR,BE,12.1,11.95,BUF,26.0,100.0,2025-10-26 17:00:00,False,active
8,GriddyThemTiddies,Garrett Wilson,WR,NYJ,BE,0.0,0.0,CIN,10.0,100.0,2025-10-26 17:00:00,False,inactive
8,GriddyThemTiddies,Travis Hunter,WR,JAX,BE,,,,,,,,
8,GriddyThemTiddies,Isiah Pacheco,RB,KC,RB,5.8,11.42,WSH,24.0,100.0,2025-10-28 00:15:00,False,active
8,GriddyThemTiddies,Jakobi Meyers,WR,JAX,BE,,,,,,,,
8,GriddyThemTiddies,Caleb Williams,QB,CHI,QB,11.8,18.4,BAL,21.0,100.0,2025-10-26 17:00:00,False,active
8,GriddyThemTiddies,Jayden Reed,WR,GB,IR,0.0,0.0,PIT,24.0,100.0,2025-10-27 00:20:00,False,inactive
8,GriddyThemTiddies,Dallas Goedert,TE,PHI,TE,17.8,12.39,NYG,8.0,100.0,2025-10-26 17:00:00,False,active
8,GriddyThemTiddies,Matthew Stafford,QB,LAR,BE,,,,,,,,
8,GriddyThemTiddies,Eagles D/ST,D/ST,PHI,D/ST,7.0,7.39,NYG,20.0,100.0,2025-10-26 17:00:00,False,active
8,GriddyThemTiddies,Kendrick Bourne,WR,SF,RB/WR/TE,7.4,8.4,HOU,2.0,100.0,2025-10-26 17:00:00,False,active
8,GriddyThemTiddies,Matt Prater,K,BUF,K,11.5,8.3,CAR,16.0,100.0,2025-10-26 17:00:00,False,active
8,GriddyThemTiddies,Keon Coleman,WR,BUF,WR,6.6,10.2,CAR,3.0,100.0,2025-10-26 17:00:00,False,active
8,SaquonDeese,Saquon Barkley,RB,PHI,RB,33.4,16.9,NYG,27.0,100.0,2025-10-26 17:00:00,False,active
8,SaquonDeese,Jalen Hurts,QB,PHI,QB,25.36,21.83,NYG,25.0,100.0,2025-10-26 17:00:00,False,active
8,SaquonDeese,Xavier Worthy,WR,KC,RB/WR/TE,10.3,12.55,WSH,23.0,100.0,2025-10-28 00:15:00,False,active
8,SaquonDeese,Tetairoa McMillan,WR,CAR,BE,16.9,13.42,BUF,11.0,100.0,2025-10-26 17:00:00,False,active
8,SaquonDeese,Jerry Jeudy,WR,CLE,BE,0.0,11.11,NE,14.0,100.0,2025-10-26 17:00:00,False,active
8,SaquonDeese,Emeka Egbuka,WR,TB,WR,6.5,16.86,NO,7.0,100.0,2025-10-26 20:05:00,False,active
8,SaquonDeese,Tucker Kraft,TE,GB,TE,33.3,10.36,PIT,29.0,100.0,2025-10-27 00:20:00,False,active
8,SaquonDeese,Broncos D/ST,D/ST,DEN,D/ST,7.0,5.94,DAL,3.0,100.0,2025-10-26 20:25:00,False,active
8,SaquonDeese,Chase McLaughlin,K,TB,K,17.0,8.34,NO,29.0,100.0,2025-10-26 20:05:00,False,active
8,SaquonDeese,Quinshon Judkins,RB,CLE,RB,4.7,12.36,NE,9.0,100.0,2025-10-26 17:00:00,False,active
8,SaquonDeese,Harold Fannin Jr.,TE,CLE,BE,18.4,9.62,NE,20.0,100.0,2025-10-26 17:00:00,False,active
8,SaquonDeese,Tre Tucker,WR,LV,BE,,,,,,,,
8,SaquonDeese,DK Metcalf,WR,PIT,WR,16.5,14.69,GB,18.0,100.0,2025-10-27 00:20:00,False,active
8,SaquonDeese,Khalil Shakir,WR,BUF,BE,21.6,13.2,CAR,3.0,100.0,2025-10-26 17:00:00,False,active
8,SaquonDeese,Isaiah Davis,RB,NYJ,BE,17.9,10.21,CIN,31.0,100.0,2025-10-26 17:00:00,False,active
8,White Corners Klub,Bijan Robinson,RB,ATL,RB,5.8,26.73,MIA,29.0,100.0,2025-10-26 17:00:00,False,active
8,White Corners Klub,Ladd McConkey,WR,LAC,RB/WR/TE,20.8,14.84,MIN,1.0,100.0,2025-10-24 00:15:00,False,active
8,White Corners Klub,Josh Allen,QB,BUF,QB,23.22,20.25,CAR,6.0,100.0,2025-10-26 17:00:00,False,active
8,White Corners Klub,Kenneth Walker III,RB,SEA,BE,,,,,,,,
8,White Corners Klub,RJ Harvey,RB,DEN,BE,26.7,10.97,DAL,30.0,100.0,2025-10-26 20:25:00,False,active
8,White Corners Klub,Tyler Warren,TE,IND,TE,9.3,12.96,TEN,21.0,100.0,2025-10-26 20:25:00,False,active
8,White Corners Klub,Zach Charbonnet,RB,SEA,BE,,,,,,,,
8,White Corners Klub,Kyle Pitts Sr.,TE,ATL,BE,14.9,10.83,MIA,30.0,100.0,2025-10-26 17:00:00,False,active
8,White Corners Klub,Trey Benson,RB,ARI,IR,,,,,,,,
8,White Corners Klub,Marvin Mims Jr.,WR,DEN,WR,13.7,13.91,DAL,31.0,100.0,2025-10-26 20:25:00,False,active
8,White Corners Klub,Malik Washington,WR,MIA,WR,14.5,18.07,ATL,26.0,100.0,2025-10-26 17:00:00,False,active
8,White Corners Klub,Jaylen Warren,RB,PIT,RB,9.3,16.27,GB,11.0,100.0,2025-10-27 00:20:00,False,active
8,White Corners Klub,Jaxson Dart,QB,NYG,BE,19.42,17.84,PHI,10.0,100.0,2025-10-26 17:00:00,False,active
8,White Corners Klub,Will Reichard,K,MIN,K,5.0,7.98,LAC,17.0,100.0,2025-10-24 00:15:00,False,active
8,White Corners Klub,Bears D/ST,D/ST,CHI,D/ST,1.0,7.88,BAL,15.0,100.0,2025-10-26 17:00:00,False,active
8,White Corners Klub,Darnell Mooney,WR,ATL,BE,2.1,12.24,MIA,8.0,100.0,2025-10-26 17:00:00,False,active
8,Montgomery Beer,Ashton Jeanty,RB,LV,BE,,,,,,,,
8,Montgomery Beer,Brian Thomas Jr.,WR,JAX,BE,,,,,,,,
8,Montgomery Beer,George Kittle,TE,SF,TE,14.3,10.77,HOU,11.0,100.0,2025-10-26 17:00:00,False,active
8,Montgomery Beer,Baker Mayfield,QB,TB,QB,4.08,18.38,NO,8.0,100.0,2025-10-26 20:05:00,False,active
8,Montgomery Beer,David Montgomery,RB,DET,BE,,,,,,,,
8,Montgomery Beer,Rashee Rice,WR,KC,WR,25.5,17.25,WSH,23.0,100.0,2025-10-28 00:15:00,False,active
8,Montgomery Beer,Javonte Williams,RB,DAL,RB,17.9,16.17,DEN,2.0,100.0,2025-10-26 20:25:00,False,active
8,Montgomery Beer,Brandon Aubrey,K,DAL,K,6.0,8.72,DEN,21.0,100.0,2025-10-26 20:25:00,False,active
8,Montgomery Beer,Rashid Shaheed,WR,SEA,WR,,,,,,,,
8,Montgomery Beer,Jordan Love,QB,GB,BE,28.3,17.15,PIT,27.0,100.0,2025-10-27 00:20:00,False,active
8,Montgomery Beer,Nick Chubb,RB,HOU,RB,8.9,9.28,SF,25.0,100.0,2025-10-26 17:00:00,False,active
8,Montgomery Beer,Chig Okonkwo,TE,TEN,BE,9.3,8.16,IND,25.0,100.0,2025-10-26 20:25:00,False,active
8,Montgomery Beer,KaVontae Turpin,WR,DAL,RB/WR/TE,9.4,13.18,DEN,9.0,100.0,2025-10-26 20:25:00,False,active
8,Montgomery Beer,Justice Hill,RB,BAL,BE,0.2,7.98,CHI,18.0,100.0,2025-10-26 17:00:00,False,active
8,Montgomery Beer,Chiefs D/ST,D/ST,KC,D/ST,12.0,8.06,WSH,18.0,100.0,2025-10-28 00:15:00,False,active
8,Glock Purdy,Puka Nacua,WR,LAR,BE,,,,,,,,
8,Glock Purdy,Nico Collins,WR,HOU,BE,0.0,0.0,SF,21.0,100.0,2025-10-26 17:00:00,False,inactive
8,Glock Purdy,Joe Burrow,QB,CIN,IR,0.0,0.0,NYJ,31.0,100.0,2025-10-26 17:00:00,False,inactive
8,Glock Purdy,Alvin Kamara,RB,NO,RB,6.5,14.33,TB,19.0,100.0,2025-10-26 20:05:00,False,active
8,Glock Purdy,Aaron Jones Sr.,RB,MIN,BE,5.0,10.32,LAC,4.0,100.0,2025-10-24 00:15:00,False,active
8,Glock Purdy,Jaylen Waddle,WR,MIA,WR,20.9,13.07,ATL,26.0,100.0,2025-10-26 17:00:00,False,active
8,Glock Purdy,Travis Kelce,TE,KC,TE,21.9,10.92,WSH,28.0,100.0,2025-10-28 00:15:00,False,active
8,Glock Purdy,Jordan Mason,RB,MIN,RB,1.6,11.92,LAC,4.0,100.0,2025-10-24 00:15:00,False,active
8,Glock Purdy,Vikings D/ST,D/ST,MIN,BE,0.0,6.63,LAC,22.0,100.0,2025-10-24 00:15:00,False,active
8,Glock Purdy,Ka'imi Fairbairn,K,HOU,K,14.0,7.92,SF,3.0,100.0,2025-10-26 17:00:00,False,active
8,Glock Purdy,Wan'Dale Robinson,WR,NYG,WR,7.8,13.16,PHI,6.0,100.0,2025-10-26 17:00:00,False,active
8,Glock Purdy,Quentin Johnston,WR,LAC,RB/WR/TE,0.0,13.49,MIN,1.0,100.0,2025-10-24 00:15:00,False,active
8,Glock Purdy,Daniel Jones,QB,IND,QB,23.18,20.68,TEN,28.0,100.0,2025-10-26 20:25:00,False,active
8,Glock Purdy,Patriots D/ST,D/ST,NE,D/ST,13.0,7.41,CLE,31.0,100.0,2025-10-26 17:00:00,False,active
8,Glock Purdy,DJ Moore,WR,CHI,BE,11.6,10.35,BAL,28.0,100.0,2025-10-26 17:00:00,False,active
8,Glock Purdy,Kameron Johnson,WR,TB,BE,0.8,13.23,NO,7.0,100.0,2025-10-26 20:05:00,False,active
8,Hurts So Good,Jahmyr Gibbs,RB,DET,BE,,,,,,,,
8,Hurts So Good,DeVonta Smith,WR,PHI,WR,14.4,16.66,NYG,22.0,100.0,2025-10-26 17:00:00,False,active
8,Hurts So Good,Lamar Jackson,QB,BAL,QB,0.0,0.0,CHI,22.0,100.0,2025-10-26 17:00:00,False,inactive
8,Hurts So Good,Mike Evans,WR,TB,BE,0.0,0.0,NO,7.0,100.0,2025-10-26 20:05:00,False,inactive
8,Hurts So Good,D'Andre Swift,RB,CHI,RB,15.1,15.0,BAL,22.0,100.0,2025-10-26 17:00:00,False,active
8,Hurts So Good,Mark Andrews,TE,BAL,TE,6.4,8.59,CHI,15.0,100.0,2025-10-26 17:00:00,False,active
8,Hurts So Good,Rome Odunze,WR,CHI,RB/WR/TE,18.4,13.22,BAL,28.0,100.0,2025-10-26 17:00:00,False,active
8,Hurts So Good,J.K. Dobbins,RB,DEN,RB,14.1,13.41,DAL,30.0,100.0,2025-10-26 20:25:00,False,active
8,Hurts So Good,Cooper Kupp,WR,SEA,BE,,,,,,,,
8,Hurts So Good,Keenan Allen,WR,LAC,WR,8.4,15.99,MIN,1.0,100.0,2025-10-24 00:15:00,False,active
8,Hurts So Good,Texans D/ST,D/ST,HOU,D/ST,9.0,8.29,SF,13.0,100.0,2025-10-26 17:00:00,False,active
8,Hurts So Good,Jared Goff,QB,DET,BE,,,,,,,,
8,Hurts So Good,Jake Elliott,K,PHI,K,8.0,8.36,NYG,23.0,100.0,2025-10-26 17:00:00,False,active
8,Hurts So Good,Hunter Henry,TE,NE,BE,7.7,9.37,CLE,14.0,100.0,2025-10-26 17:00:00,False,active
8,Hurts So Good,Brandon Aiyuk,WR,SF,BE,0.0,0.0,HOU,2.0,100.0,2025-10-26 17:00:00,False,inactive
9,Jacks Backs,Ja'Marr Chase,WR,CIN,WR,17.1,23.18,CHI,29.0,100.0,2025-11-02 18:00:00,False,active
9,Jacks Backs,Trey McBride,TE,ARI,TE,16.5,18.75,DAL,12.0,100.0,2025-11-04 01:15:00,False,active
9,Jacks Backs,Kyren Williams,RB,LAR,RB,17.4,15.85,NO,7.0,100.0,2025-11-02 21:05:00,False,active
9,Jacks Backs,Courtland Sutton,WR,DEN,WR,10.0,13.02,HOU,2.0,100.0,2025-11-02 18:00:00,False,active
9,Jacks Backs,Matthew Golden,WR,GB,BE,2.9,9.42,CAR,3.0,100.0,2025-11-02 18:00:00,False,active
9,Jacks Backs,Bo Nix,QB,DEN,QB,18.52,16.63,HOU,3.0,100.0,2025-11-02 18:00:00,False,active
9,Jacks Backs,Dalton Kincaid,TE,BUF,BE,22.1,8.98,KC,7.0,100.0,2025-11-02 21:25:00,False,active
9,Jacks Backs,Seahawks D/ST,D/ST,SEA,D/ST,13.0,7.58,WSH,18.0,100.0,2025-11-03 01:20:00,False,active
9,Jacks Backs,Woody Marks,RB,HOU,RB,2.7,9.78,DEN,2.0,100.0,2025-11-02 18:00:00,False,active
9,Jacks Backs,Kenneth Gainwell,RB,PIT,BE,7.4,15.29,IND,8.0,100.0,2025-11-02 18:00:00,False,active
9,Jacks Backs,Michael Badgley,K,None,K,,,,,,,,
9,Jacks Backs,Sterling Shepard,WR,TB,BE,,,,,,,,
9,Jacks Backs,Cade Otton,TE,TB,BE,,,,,,,,
9,Jacks Backs,Josh Downs,WR,IND,RB/WR/TE,18.0,11.93,PIT,24.0,100.0,2025-11-02 18:00:00,False,active
9,Jacks Backs,Calvin Austin III,WR,PIT,BE,10.6,11.76,IND,32.0,100.0,2025-11-02 18:00:00,False,active
9,Team Beil,Amon-Ra St. Brown,WR,DET,RB/WR/TE,18.7,19.32,MIN,1.0,100.0,2025-11-02 18:00:00,False,active
9,Team Beil,Josh Jacobs,RB,GB,RB,20.0,18.73,CAR,23.0,100.0,2025-11-02 18:00:00,False,active
9,Team Beil,Jayden Daniels,QB,WSH,BE,15.22,19.54,SEA,7.0,100.0,2025-11-03 01:20:00,False,active
9,Team Beil,TreVeyon Henderson,RB,NE,BE,12.7,13.07,ATL,10.0,100.0,2025-11-02 18:00:00,False,active
9,Team Beil,George Pickens,WR,DAL,WR,13.9,14.27,ARI,19.0,100.0,2025-11-04 01:15:00,False,active
9,Team Beil,Evan Engram,TE,DEN,BE,0.0,7.89,HOU,11.0,100.0,2025-11-02 18:00:00,False,active
9,Team Beil,Tyrone Tracy Jr.,RB,NYG,BE,6.7,14.43,SF,25.0,100.0,2025-11-02 18:00:00,False,active
9,Team Beil,Dak Prescott,QB,DAL,QB,15.4,18.81,ARI,19.0,100.0,2025-11-04 01:15:00,False,active
9,Team Beil,Cameron Dicker,K,LAC,K,11.0,9.06,TEN,28.0,100.0,2025-11-02 18:00:00,False,active
9,Team Beil,Rachaad White,RB,TB,BE,,,,,,,,
9,Team Beil,Pat Freiermuth,TE,PIT,TE,11.7,6.74,IND,25.0,100.0,2025-11-02 18:00:00,False,active
9,Team Beil,Rico Dowdle,RB,CAR,RB,28.1,14.33,GB,11.0,100.0,2025-11-02 18:00:00,False,active
9,Team Beil,Kayshon Boutte,WR,NE,WR,0.0,9.83,ATL,26.0,100.0,2025-11-02 18:00:00,False,active
9,Team Beil,Kyle Monangai,RB,CHI,BE,22.8,15.36,CIN,31.0,100.0,2025-11-02 18:00:00,False,active
9,Team Beil,Lions D/ST,D/ST,DET,D/ST,9.0,9.82,MIN,30.0,100.0,2025-11-02 18:00:00,False,active
9,"you won't, but Drake Maye",CeeDee Lamb,WR,DAL,WR,15.5,18.95,ARI,19.0,100.0,2025-11-04 01:15:00,False,active
9,"you won't, but Drake Maye",Bucky Irving,RB,TB,BE,,,,,,,,
9,"you won't, but Drake Maye",James Cook III,RB,BUF,RB,13.5,15.58,KC,17.0,100.0,2025-11-02 21:25:00,False,active
9,"you won't, but Drake Maye",Omarion Hampton,RB,LAC,IR,0.0,0.0,TEN,13.0,100.0,2025-11-02 18:00:00,False,inactive
9,"you won't, but Drake Maye",Ricky Pearsall,WR,SF,BE,0.0,0.0,NYG,22.0,100.0,2025-11-02 18:00:00,False,inactive
9,"you won't, but Drake Maye",David Njoku,TE,CLE,BE,,,,,,,,
9,"you won't, but Drake Maye",Stefon Diggs,WR,NE,BE,12.8,13.13,ATL,26.0,100.0,2025-11-02 18:00:00,False,active
9,"you won't, but Drake Maye",Jordan Addison,WR,MIN,BE,8.4,12.55,DET,30.0,100.0,2025-11-02 18:00:00,False,active
9,"you won't, but Drake Maye",Travis Etienne Jr.,RB,JAX,BE,16.5,13.68,LV,15.0,100.0,2025-11-02 21:05:00,False,active
9,"you won't, but Drake Maye",Drake Maye,QB,NE,QB,16.36,20.62,ATL,17.0,100.0,2025-11-02 18:00:00,False,active
9,"you won't, but Drake Maye",Eddy Pineiro,K,SF,K,12.0,8.45,NYG,23.0,100.0,2025-11-02 18:00:00,False,active
9,"you won't, but Drake Maye",Chimere Dike,WR,TEN,WR,29.0,21.47,LAC,15.0,100.0,2025-11-02 18:00:00,False,active
9,"you won't, but Drake Maye",Packers D/ST,D/ST,GB,D/ST,8.0,7.75,CAR,25.0,100.0,2025-11-02 18:00:00,False,active
9,"you won't, but Drake Maye",Kimani Vidal,RB,LAC,RB,3.0,15.63,TEN,13.0,100.0,2025-11-02 18:00:00,False,active
9,"you won't, but Drake Maye",Oronde Gadsden,TE,LAC,TE,11.8,11.3,TEN,21.0,100.0,2025-11-02 18:00:00,False,active
9,"you won't, but Drake Maye",Chase Brown,RB,CIN,RB/WR/TE,19.2,12.97,CHI,18.0,100.0,2025-11-02 18:00:00,False,active
9,Naberhood Watch,Malik Nabers,WR,NYG,IR,0.0,0.0,SF,21.0,100.0,2025-11-02 18:00:00,False,inactive
9,Naberhood Watch,De'Von Achane,RB,MIA,RB,16.6,22.16,BAL,22.0,100.0,2025-10-31 00:15:00,False,active
9,Naberhood Watch,Davante Adams,WR,LAR,RB/WR/TE,23.0,16.14,NO,7.0,100.0,2025-11-02 21:05:00,False,active
9,Naberhood Watch,Marvin Harrison Jr.,WR,ARI,BE,22.6,13.26,DAL,31.0,100.0,2025-11-04 01:15:00,False,active
9,Naberhood Watch,Zay Flowers,WR,BAL,WR,11.4,16.13,MIA,8.0,100.0,2025-10-31 00:15:00,False,active
9,Naberhood Watch,Sam LaPorta,TE,DET,BE,21.7,11.8,MIN,6.0,100.0,2025-11-02 18:00:00,False,active
9,Naberhood Watch,Chris Olave,WR,NO,WR,8.7,14.44,LAR,20.0,100.0,2025-11-02 21:05:00,False,active
9,Naberhood Watch,Rhamondre Stevenson,RB,NE,BE,0.0,0.0,ATL,10.0,100.0,2025-11-02 18:00:00,False,inactive
9,Naberhood Watch,Ravens D/ST,D/ST,BAL,BE,14.0,7.06,MIA,23.0,100.0,2025-10-31 00:15:00,False,active
9,Naberhood Watch,Jake Bates,K,DET,BE,6.0,8.73,MIN,22.0,100.0,2025-11-02 18:00:00,False,active
9,Naberhood Watch,Zach Ertz,TE,WSH,TE,8.6,9.99,SEA,22.0,100.0,2025-11-03 01:20:00,False,active
9,Naberhood Watch,Romeo Doubs,WR,GB,BE,16.7,12.14,CAR,3.0,100.0,2025-11-02 18:00:00,False,active
9,Naberhood Watch,Jacory Croskey-Merritt,RB,WSH,RB,5.1,10.22,SEA,12.0,100.0,2025-11-03 01:20:00,False,active
9,Naberhood Watch,Falcons D/ST,D/ST,ATL,D/ST,11.0,6.3,NE,9.0,100.0,2025-11-02 18:00:00,False,active
9,Naberhood Watch,Chris Boswell,K,PIT,K,10.0,8.6,IND,30.0,100.0,2025-11-02 18:00:00,False,active
9,Naberhood Watch,C.J. Stroud,QB,HOU,QB,4.36,16.95,DEN,9.0,100.0,2025-11-02 18:00:00,False,active
9,Tyler's Football Team,A.J. Brown,WR,PHI,BE,,,,,,,,
9,Tyler's Football Team,Derrick Henry,RB,BAL,RB,13.1,16.01,MIA,29.0,100.0,2025-10-31 00:15:00,False,active
9,Tyler's Football Team,Terry McLaurin,WR,WSH,IR,0.0,0.0,SEA,5.0,100.0,2025-11-03 01:20:00,False,inactive
9,Tyler's Football Team,Patrick Mahomes,QB,KC,QB,10.5,23.28,BUF,4.0,100.0,2025-11-02 21:25:00,False,active
9,Tyler's Football Team,Calvin Ridley,WR,TEN,BE,0.0,0.0,LAC,15.0,100.0,2025-11-02 18:00:00,False,inactive
9,Tyler's Football Team,Jauan Jennings,WR,SF,WR,14.1,12.04,NYG,22.0,100.0,2025-11-02 18:00:00,False,active
9,Tyler's Football Team,Luke McCaffrey,WR,WSH,WR,1.9,15.38,SEA,5.0,100.0,2025-11-03 01:20:00,False,active
9,Tyler's Football Team,Sean Tucker,RB,TB,BE,,,,,,,,
9,Tyler's Football Team,Wil Lutz,K,DEN,K,3.0,7.9,HOU,1.0,100.0,2025-11-02 18:00:00,False,active
9,Tyler's Football Team,Bam Knight,RB,ARI,RB,6.7,15.0,DAL,30.0,100.0,2025-11-04 01:15:00,False,active
9,Tyler's Football Team,Buccaneers D/ST,D/ST,TB,BE,,,,,,,,
9,Tyler's Football Team,Jaylin Noel,WR,HOU,BE,5.9,6.5,DEN,9.0,100.0,2025-11-02 18:00:00,False,active
9,Tyler's Football Team,Theo Johnson,TE,NYG,TE,11.7,10.05,SF,24.0,100.0,2025-11-02 18:00:00,False,active
9,Tyler's Football Team,Samaje Perine,RB,CIN,RB/WR/TE,6.8,11.36,CHI,18.0,100.0,2025-11-02 18:00:00,False,active
9,Tyler's Football Team,Jaguars D/ST,D/ST,JAX,D/ST,4.0,9.07,LV,32.0,100.0,2025-11-02 21:05:00,False,active
9,GriddyThemTiddies,Justin Jefferson,WR,MIN,WR,16.7,17.66,DET,30.0,100.0,2025-11-02 18:00:00,False,active
9,GriddyThemTiddies,Jonathan Taylor,RB,IND,RB,7.7,23.36,PIT,14.0,100.0,2025-11-02 18:00:00,False,active
9,GriddyThemTiddies,Brock Bowers,TE,LV,TE,43.3,12.69,JAX,23.0,100.0,2025-11-02 21:05:00,False,active
9,GriddyThemTiddies,Chuba Hubbard,RB,CAR,BE,1.7,7.79,GB,11.0,100.0,2025-11-02 18:00:00,False,active
9,GriddyThemTiddies,Garrett Wilson,WR,NYJ,BE,,,,,,,,
9,GriddyThemTiddies,Travis Hunter,WR,JAX,BE,0.0,0.0,LV,25.0,100.0,2025-11-02 21:05:00,False,inactive
9,GriddyThemTiddies,Jakobi Meyers,WR,JAX,WR,6.3,11.51,LV,25.0,100.0,2025-11-02 21:05:00,False,active
9,GriddyThemTiddies,Caleb Williams,QB,CHI,BE,38.7,20.11,CIN,26.0,100.0,2025-11-02 18:00:00,False,active
9,GriddyThemTiddies,Jayden Reed,WR,GB,IR,0.0,0.0,CAR,3.0,100.0,2025-11-02 18:00:00,False,inactive
9,GriddyThemTiddies,Dallas Goedert,TE,PHI,BE,,,,,,,,
9,GriddyThemTiddies,Matthew Stafford,QB,LAR,QB,26.84,18.21,NO,8.0,100.0,2025-11-02 21:05:00,False,active
9,GriddyThemTiddies,Eagles D/ST,D/ST,PHI,BE,,,,,,,,
9,GriddyThemTiddies,Kendrick Bourne,WR,SF,RB/WR/TE,5.4,8.99,NYG,22.0,100.0,2025-11-02 18:00:00,False,active
9,GriddyThemTiddies,Kareem Hunt,RB,KC,RB,12.5,9.66,BUF,26.0,100.0,2025-11-02 21:25:00,False,active
9,GriddyThemTiddies,Chargers D/ST,D/ST,LAC,D/ST,9.0,8.69,TEN,29.0,100.0,2025-11-02 18:00:00,False,active
9,GriddyThemTiddies,Cairo Santos,K,CHI,K,10.0,8.56,CIN,12.0,100.0,2025-11-02 18:00:00,False,active
9,Philip's Perfect Team,Christian McCaffrey,RB,SF,RB,34.3,26.05,NYG,27.0,100.0,2025-11-02 18:00:00,False,active
9,Philip's Perfect Team,Drake London,WR,ATL,WR,38.8,18.11,NE,14.0,100.0,2025-11-02 18:00:00,False,active
9,Philip's Perfect Team,Tee Higgins,WR,CIN,BE,33.1,12.91,CHI,29.0,100.0,2025-11-02 18:00:00,False,active
9,Philip's Perfect Team,Jaxon Smith-Njigba,WR,SEA,RB/WR/TE,22.0,24.5,WSH,23.0,100.0,2025-11-03 01:20:00,False,active
9,Philip's Perfect Team,Breece Hall,RB,NYJ,BE,,,,,,,,
9,Philip's Perfect Team,T.J. Hockenson,TE,MIN,BE,9.1,9.53,DET,18.0,100.0,2025-11-02 18:00:00,False,active
9,Philip's Perfect Team,Michael Pittman Jr.,WR,IND,WR,20.5,16.31,PIT,24.0,100.0,2025-11-02 18:00:00,False,active
9,Philip's Perfect Team,Deebo Samuel,WR,WSH,BE,12.4,14.93,SEA,5.0,100.0,2025-11-03 01:20:00,False,active
9,Philip's Perfect Team,Chris Godwin Jr.,WR,TB,BE,,,,,,,,
9,Philip's Perfect Team,Justin Herbert,QB,LAC,QB,27.7,21.63,TEN,28.0,100.0,2025-11-02 18:00:00,False,active
9,Philip's Perfect Team,J.J. McCarthy,QB,MIN,BE,18.92,14.39,DET,24.0,100.0,2025-11-02 18:00:00,False,active
9,Philip's Perfect Team,Jake Ferguson,TE,DAL,TE,8.0,11.32,ARI,31.0,100.0,2025-11-04 01:15:00,False,active
9,Philip's Perfect Team,Colts D/ST,D/ST,IND,D/ST,7.0,7.04,PIT,16.0,100.0,2025-11-02 18:00:00,False,active
9,Philip's Perfect Team,Harrison Butker,K,KC,K,8.0,8.56,BUF,7.0,100.0,2025-11-02 21:25:00,False,active
9,Philip's Perfect Team,George Holani,RB,SEA,RB,3.8,9.18,WSH,24.0,100.0,2025-11-03 01:20:00,False,active
9,White Corners Klub,Bijan Robinson,RB,ATL,RB,17.6,20.21,NE,9.0,100.0,2025-11-02 18:00:00,False,active
9,White Corners Klub,Ladd McConkey,WR,LAC,WR,9.6,16.09,TEN,27.0,100.0,2025-11-02 18:00:00,False,active
9,White Corners Klub,Josh Allen,QB,BUF,QB,28.82,21.46,KC,13.0,100.0,2025-11-02 21:25:00,False,active
9,White Corners Klub,Kenneth Walker III,RB,SEA,RB/WR/TE,8.1,12.02,WSH,24.0,100.0,2025-11-03 01:20:00,False,active
9,White Corners Klub,RJ Harvey,RB,DEN,BE,22.0,13.63,HOU,20.0,100.0,2025-11-02 18:00:00,False,active
9,White Corners Klub,Tyler Warren,TE,IND,TE,7.6,13.65,PIT,29.0,100.0,2025-11-02 18:00:00,False,active
9,White Corners Klub,Zach Charbonnet,RB,SEA,BE,5.6,11.15,WSH,24.0,100.0,2025-11-03 01:20:00,False,active
9,White Corners Klub,Kyle Pitts Sr.,TE,ATL,BE,7.8,10.92,NE,20.0,100.0,2025-11-02 18:00:00,False,active
9,White Corners Klub,Trey Benson,RB,ARI,IR,0.0,0.0,DAL,30.0,100.0,2025-11-04 01:15:00,False,inactive
9,White Corners Klub,Marvin Mims Jr.,WR,DEN,BE,0.0,0.0,HOU,2.0,100.0,2025-11-02 18:00:00,False,inactive
9,White Corners Klub,Malik Washington,WR,MIA,WR,10.9,20.19,BAL,28.0,100.0,2025-10-31 00:15:00,False,active
9,White Corners Klub,Jaylen Warren,RB,PIT,RB,16.9,15.8,IND,8.0,100.0,2025-11-02 18:00:00,False,active
9,White Corners Klub,Jaxson Dart,QB,NYG,BE,27.24,21.1,SF,20.0,100.0,2025-11-02 18:00:00,False,active
9,White Corners Klub,Bears D/ST,D/ST,CHI,D/ST,4.0,6.73,CIN,26.0,100.0,2025-11-02 18:00:00,False,active
9,White Corners Klub,Parker Washington,WR,JAX,BE,17.4,12.55,LV,25.0,100.0,2025-11-02 21:05:00,False,active
9,White Corners Klub,Tyler Loop,K,BAL,K,4.0,8.48,MIA,8.0,100.0,2025-10-31 00:15:00,False,active
9,SaquonDeese,Saquon Barkley,RB,PHI,BE,,,,,,,,
9,SaquonDeese,Jalen Hurts,QB,PHI,BE,,,,,,,,
9,SaquonDeese,Xavier Worthy,WR,KC,RB/WR/TE,6.0,11.99,BUF,11.0,100.0,2025-11-02 21:25:00,False,active
9,SaquonDeese,Tetairoa McMillan,WR,CAR,WR,8.6,12.88,GB,18.0,100.0,2025-11-02 18:00:00,False,active
9,SaquonDeese,Emeka Egbuka,WR,TB,BE,,,,,,,,
9,SaquonDeese,Tucker Kraft,TE,GB,TE,4.0,11.31,CAR,19.0,100.0,2025-11-02 18:00:00,False,active
9,SaquonDeese,Broncos D/ST,D/ST,DEN,D/ST,9.0,7.99,HOU,12.0,100.0,2025-11-02 18:00:00,False,active
9,SaquonDeese,Chase McLaughlin,K,TB,BE,,,,,,,,
9,SaquonDeese,Quinshon Judkins,RB,CLE,BE,,,,,,,,
9,SaquonDeese,DK Metcalf,WR,PIT,WR,2.6,15.96,IND,32.0,100.0,2025-11-02 18:00:00,False,active
9,SaquonDeese,Khalil Shakir,WR,BUF,BE,12.7,12.89,KC,4.0,100.0,2025-11-02 21:25:00,False,active
9,SaquonDeese,Tyjae Spears,RB,TEN,RB,9.2,9.54,LAC,4.0,100.0,2025-11-02 18:00:00,False,active
9,SaquonDeese,Brashard Smith,RB,KC,RB,0.7,12.46,BUF,26.0,100.0,2025-11-02 21:25:00,False,active
9,SaquonDeese,Jacoby Brissett,QB,ARI,QB,24.84,19.44,DAL,32.0,100.0,2025-11-04 01:15:00,False,active
9,SaquonDeese,Andy Borregales,K,NE,K,6.0,8.42,ATL,24.0,100.0,2025-11-02 18:00:00,False,active
9,Glock Purdy,Puka Nacua,WR,LAR,WR,22.8,22.15,NO,7.0,100.0,2025-11-02 21:05:00,False,active
9,Glock Purdy,Nico Collins,WR,HOU,WR,14.5,16.51,DEN,9.0,100.0,2025-11-02 18:00:00,False,active
9,Glock Purdy,Joe Burrow,QB,CIN,IR,0.0,0.0,CHI,22.0,100.0,2025-11-02 18:00:00,False,inactive
9,Glock Purdy,Alvin Kamara,RB,NO,RB,0.7,11.4,LAR,3.0,100.0,2025-11-02 21:05:00,False,active
9,Glock Purdy,Aaron Jones Sr.,RB,MIN,RB,11.8,10.7,DET,1.0,100.0,2025-11-02 18:00:00,False,active
9,Glock Purdy,Jaylen Waddle,WR,MIA,RB/WR/TE,14.2,15.08,BAL,28.0,100.0,2025-10-31 00:15:00,False,active
9,Glock Purdy,Travis Kelce,TE,KC,TE,12.6,12.1,BUF,1.0,100.0,2025-11-02 21:25:00,False,active
9,Glock Purdy,Vikings D/ST,D/ST,MIN,BE,10.0,5.06,DET,5.0,100.0,2025-11-02 18:00:00,False,active
9,Glock Purdy,Ka'imi Fairbairn,K,HOU,K,17.0,7.9,DEN,21.0,100.0,2025-11-02 18:00:00,False,active
9,Glock Purdy,Wan'Dale Robinson,WR,NYG,BE,13.6,13.15,SF,21.0,100.0,2025-11-02 18:00:00,False,active
9,Glock Purdy,Quentin Johnston,WR,LAC,BE,15.3,12.32,TEN,27.0,100.0,2025-11-02 18:00:00,False,active
9,Glock Purdy,Daniel Jones,QB,IND,QB,14.08,21.72,PIT,27.0,100.0,2025-11-02 18:00:00,False,active
9,Glock Purdy,Patriots D/ST,D/ST,NE,D/ST,3.0,6.83,ATL,19.0,100.0,2025-11-02 18:00:00,False,active
9,Glock Purdy,DJ Moore,WR,CHI,BE,22.98,13.09,CIN,10.0,100.0,2025-11-02 18:00:00,False,active
9,Glock Purdy,Tony Pollard,RB,TEN,BE,7.8,9.77,LAC,4.0,100.0,2025-11-02 18:00:00,False,active
9,Glock Purdy,Jerry Jeudy,WR,CLE,BE,,,,,,,,
9,Montgomery Beer,Ashton Jeanty,RB,LV,RB,19.9,15.07,JAX,5.0,100.0,2025-11-02 21:05:00,False,active
9,Montgomery Beer,Brian Thomas Jr.,WR,JAX,WR,8.5,13.91,LV,25.0,100.0,2025-11-02 21:05:00,False,active
9,Montgomery Beer,George Kittle,TE,SF,TE,6.9,13.12,NYG,8.0,100.0,2025-11-02 18:00:00,False,active
9,Montgomery Beer,Baker Mayfield,QB,TB,BE,,,,,,,,
9,Montgomery Beer,David Montgomery,RB,DET,RB/WR/TE,11.0,12.74,MIN,6.0,100.0,2025-11-02 18:00:00,False,active
9,Montgomery Beer,Rashee Rice,WR,KC,WR,18.6,18.45,BUF,11.0,100.0,2025-11-02 21:25:00,False,active
9,Montgomery Beer,Javonte Williams,RB,DAL,RB,7.3,16.19,ARI,28.0,100.0,2025-11-04 01:15:00,False,active
9,Montgomery Beer,Brandon Aubrey,K,DAL,K,4.0,9.12,ARI,32.0,100.0,2025-11-04 01:15:00,False,active
9,Montgomery Beer,Rashid Shaheed,WR,SEA,BE,15.6,12.78,WSH,23.0,100.0,2025-11-03 01:20:00,False,active
9,Montgomery Beer,Jordan Love,QB,GB,QB,9.02,18.09,CAR,6.0,100.0,2025-11-02 18:00:00,False,active
9,Montgomery Beer,Nick Chubb,RB,HOU,BE,3.4,8.49,DEN,2.0,100.0,2025-11-02 18:00:00,False,active
9,Montgomery Beer,Chig Okonkwo,TE,TEN,BE,3.0,7.96,LAC,5.0,100.0,2025-11-02 18:00:00,False,active
9,Montgomery Beer,KaVontae Turpin,WR,DAL,BE,19.0,12.65,ARI,19.0,100.0,2025-11-04 01:15:00,False,active
9,Montgomery Beer,Justice Hill,RB,BAL,BE,3.5,7.19,MIA,29.0,100.0,2025-10-31 00:15:00,False,active
9,Montgomery Beer,Rams D/ST,D/ST,LAR,D/ST,11.0,9.79,NO,27.0,100.0,2025-11-02 21:05:00,False,active
9,Hurts So Good,Jahmyr Gibbs,RB,DET,RB,5.8,19.19,MIN,6.0,100.0,2025-11-02 18:00:00,False,active
9,Hurts So Good,DeVonta Smith,WR,PHI,BE,,,,,,,,
9,Hurts So Good,Lamar Jackson,QB,BAL,QB,25.56,23.44,MIA,23.0,100.0,2025-10-31 00:15:00,False,active
9,Hurts So Good,Mike Evans,WR,TB,IR,,,,,,,,
9,Hurts So Good,D'Andre Swift,RB,CHI,BE,0.0,0.0,CIN,31.0,100.0,2025-11-02 18:00:00,False,inactive
9,Hurts So Good,Mark Andrews,TE,BAL,TE,16.6,9.88,MIA,30.0,100.0,2025-10-31 00:15:00,False,active
9,Hurts So Good,Rome Odunze,WR,CHI,WR,0.0,14.94,CIN,10.0,100.0,2025-11-02 18:00:00,False,active
9,Hurts So Good,J.K. Dobbins,RB,DEN,RB,6.9,11.51,HOU,20.0,100.0,2025-11-02 18:00:00,False,active
9,Hurts So Good,Cooper Kupp,WR,SEA,BE,0.0,0.0,WSH,23.0,100.0,2025-11-03 01:20:00,False,inactive
9,Hurts So Good,Keenan Allen,WR,LAC,WR,6.1,13.96,TEN,27.0,100.0,2025-11-02 18:00:00,False,active
9,Hurts So Good,Texans D/ST,D/ST,HOU,D/ST,9.0,7.04,DEN,6.0,100.0,2025-11-02 18:00:00,False,active
9,Hurts So Good,Jared Goff,QB,DET,BE,19.36,16.7,MIN,1.0,100.0,2025-11-02 18:00:00,False,active
9,Hurts So Good,Jake Elliott,K,PHI,BE,,,,,,,,
9,Hurts So Good,Hunter Henry,TE,NE,BE,9.1,9.11,ATL,4.0,100.0,2025-11-02 18:00:00,False,active
9,Hurts So Good,Jameson Williams,WR,DET,RB/WR/TE,16.6,11.0,MIN,1.0,100.0,2025-11-02 18:00:00,False,active
9,Hurts So Good,Jason Myers,K,SEA,K,9.0,8.41,WSH,19.0,100.0,2025-11-03 01:20:00,False,active
10,Team Beil,Amon-Ra St. Brown,WR,DET,WR,16.8,22.31,WSH,23.0,100.0,2025-11-09 21:25:00,False,active
10,Team Beil,Josh Jacobs,RB,GB,RB,19.7,18.1,PHI,21.0,100.0,2025-11-11 01:15:00,False,active
10,Team Beil,Jayden Daniels,QB,WSH,BE,0.0,0.0,DET,24.0,100.0,2025-11-09 21:25:00,False,inactive
10,Team Beil,TreVeyon Henderson,RB,NE,BE,28.0,15.86,TB,19.0,100.0,2025-11-09 18:00:00,False,active
10,Team Beil,George Pickens,WR,DAL,BE,,,,,,,,
10,Team Beil,Dak Prescott,QB,DAL,BE,,,,,,,,
10,Team Beil,Cameron Dicker,K,LAC,K,13.0,8.73,PIT,18.0,100.0,2025-11-10 01:20:00,False,active
10,Team Beil,Rachaad White,RB,TB,BE,10.4,16.16,NE,9.0,100.0,2025-11-09 18:00:00,False,active
10,Team Beil,Pat Freiermuth,TE,PIT,TE,6.3,6.23,LAC,5.0,100.0,2025-11-10 01:20:00,False,active
10,Team Beil,Rico Dowdle,RB,CAR,RB,15.3,18.83,NO,7.0,100.0,2025-11-09 18:00:00,False,active
10,Team Beil,Kayshon Boutte,WR,NE,BE,0.0,0.0,TB,17.0,100.0,2025-11-09 18:00:00,False,inactive
10,Team Beil,Kyle Monangai,RB,CHI,RB/WR/TE,8.8,11.4,NYG,27.0,100.0,2025-11-09 18:00:00,False,active
10,Team Beil,Lions D/ST,D/ST,DET,D/ST,4.0,8.79,WSH,18.0,100.0,2025-11-09 21:25:00,False,active
10,Team Beil,Michael Penix Jr.,QB,ATL,QB,10.98,16.01,IND,18.0,100.0,2025-11-09 14:30:00,False,active
10,Team Beil,Alec Pierce,WR,IND,WR,18.4,10.53,ATL,26.0,100.0,2025-11-09 14:30:00,False,active
10,Naberhood Watch,Malik Nabers,WR,NYG,IR,0.0,0.0,CHI,29.0,100.0,2025-11-09 18:00:00,False,inactive
10,Naberhood Watch,De'Von Achane,RB,MIA,RB,40.5,21.49,BUF,26.0,100.0,2025-11-09 18:00:00,False,active
10,Naberhood Watch,Davante Adams,WR,LAR,RB/WR/TE,19.7,16.47,SF,21.0,100.0,2025-11-09 21:25:00,False,active
10,Naberhood Watch,Marvin Harrison Jr.,WR,ARI,WR,14.3,13.3,SEA,5.0,100.0,2025-11-09 21:05:00,False,active
10,Naberhood Watch,Zay Flowers,WR,BAL,BE,12.1,15.63,MIN,1.0,100.0,2025-11-09 18:00:00,False,active
10,Naberhood Watch,Sam LaPorta,TE,DET,TE,10.3,13.05,WSH,28.0,100.0,2025-11-09 21:25:00,False,active
10,Naberhood Watch,Chris Olave,WR,NO,WR,21.4,14.57,CAR,3.0,100.0,2025-11-09 18:00:00,False,active
10,Naberhood Watch,Rhamondre Stevenson,RB,NE,BE,0.0,0.0,TB,19.0,100.0,2025-11-09 18:00:00,False,inactive
10,Naberhood Watch,Ravens D/ST,D/ST,BAL,BE,7.0,7.97,MIN,30.0,100.0,2025-11-09 18:00:00,False,active
10,Naberhood Watch,Jake Bates,K,DET,K,12.5,8.74,WSH,19.0,100.0,2025-11-09 21:25:00,False,active
10,Naberhood Watch,Zach Ertz,TE,WSH,BE,9.4,9.53,DET,18.0,100.0,2025-11-09 21:25:00,False,active
10,Naberhood Watch,Romeo Doubs,WR,GB,BE,3.7,13.89,PHI,6.0,100.0,2025-11-11 01:15:00,False,active
10,Naberhood Watch,Jacory Croskey-Merritt,RB,WSH,RB,3.0,9.38,DET,1.0,100.0,2025-11-09 21:25:00,False,active
10,Naberhood Watch,Falcons D/ST,D/ST,ATL,D/ST,7.0,5.44,IND,8.0,100.0,2025-11-09 14:30:00,False,active
10,Naberhood Watch,Chris Boswell,K,PIT,BE,5.0,8.23,LAC,17.0,100.0,2025-11-10 01:20:00,False,active
10,Naberhood Watch,Sam Darnold,QB,SEA,QB,4.92,16.63,ARI,19.0,100.0,2025-11-09 21:05:00,False,active
10,GriddyThemTiddies,Justin Jefferson,WR,MIN,WR,7.7,19.98,BAL,28.0,100.0,2025-11-09 18:00:00,False,active
10,GriddyThemTiddies,Jonathan Taylor,RB,IND,RB,49.6,21.25,ATL,10.0,100.0,2025-11-09 14:30:00,False,active
10,GriddyThemTiddies,Brock Bowers,TE,LV,TE,3.7,15.79,DEN,17.0,100.0,2025-11-07 01:15:00,False,active
10,GriddyThemTiddies,Chuba Hubbard,RB,CAR,RB,10.3,6.87,NO,7.0,100.0,2025-11-09 18:00:00,False,active
10,GriddyThemTiddies,Garrett Wilson,WR,NYJ,BE,0.0,13.73,CLE,13.0,100.0,2025-11-09 18:00:00,False,active
10,GriddyThemTiddies,Travis Hunter,WR,JAX,BE,0.0,0.0,HOU,2.0,100.0,2025-11-09 18:00:00,False,inactive
10,GriddyThemTiddies,Jakobi Meyers,WR,JAX,WR,7.1,8.49,HOU,2.0,100.0,2025-11-09 18:00:00,False,active
10,GriddyThemTiddies,Caleb Williams,QB,CHI,BE,25.1,18.48,NYG,25.0,100.0,2025-11-09 18:00:00,False,active
10,GriddyThemTiddies,Jayden Reed,WR,GB,IR,0.0,0.0,PHI,6.0,100.0,2025-11-11 01:15:00,False,inactive
10,GriddyThemTiddies,Dallas Goedert,TE,PHI,RB/WR/TE,8.3,10.81,GB,10.0,100.0,2025-11-11 01:15:00,False,active
10,GriddyThemTiddies,Matthew Stafford,QB,LAR,QB,26.9,19.54,SF,20.0,100.0,2025-11-09 21:25:00,False,active
10,GriddyThemTiddies,Eagles D/ST,D/ST,PHI,BE,13.0,5.56,GB,7.0,100.0,2025-11-11 01:15:00,False,active
10,GriddyThemTiddies,Kendrick Bourne,WR,SF,BE,2.9,6.76,LAR,20.0,100.0,2025-11-09 21:25:00,False,active
10,GriddyThemTiddies,Kareem Hunt,RB,KC,BE,,,,,,,,
10,GriddyThemTiddies,Chargers D/ST,D/ST,LAC,D/ST,17.0,7.4,PIT,16.0,100.0,2025-11-10 01:20:00,False,active
10,GriddyThemTiddies,Cairo Santos,K,CHI,K,6.0,8.26,NYG,23.0,100.0,2025-11-09 18:00:00,False,active
10,Jacks Backs,Ja'Marr Chase,WR,CIN,BE,,,,,,,,
10,Jacks Backs,Trey McBride,TE,ARI,TE,27.7,17.17,SEA,22.0,100.0,2025-11-09 21:05:00,False,active
10,Jacks Backs,Kyren Williams,RB,LAR,RB,22.4,15.59,SF,25.0,100.0,2025-11-09 21:25:00,False,active
10,Jacks Backs,Courtland Sutton,WR,DEN,WR,5.4,13.3,LV,25.0,100.0,2025-11-07 01:15:00,False,active
10,Jacks Backs,Matthew Golden,WR,GB,BE,0.0,0.0,PHI,6.0,100.0,2025-11-11 01:15:00,False,inactive
10,Jacks Backs,Bo Nix,QB,DEN,QB,5.8,19.12,LV,16.0,100.0,2025-11-07 01:15:00,False,active
10,Jacks Backs,Dalton Kincaid,TE,BUF,RB/WR/TE,5.7,9.79,MIA,30.0,100.0,2025-11-09 18:00:00,False,active
10,Jacks Backs,Seahawks D/ST,D/ST,SEA,D/ST,22.0,8.08,ARI,23.0,100.0,2025-11-09 21:05:00,False,active
10,Jacks Backs,Woody Marks,RB,HOU,RB,16.1,10.16,JAX,5.0,100.0,2025-11-09 18:00:00,False,active
10,Jacks Backs,Kenneth Gainwell,RB,PIT,BE,8.5,13.71,LAC,4.0,100.0,2025-11-10 01:20:00,False,active
10,Jacks Backs,Michael Badgley,K,None,K,,,,,,,,
10,Jacks Backs,Cade Otton,TE,TB,BE,17.2,9.62,NE,20.0,100.0,2025-11-09 18:00:00,False,active
10,Jacks Backs,Josh Downs,WR,IND,WR,4.5,11.21,ATL,26.0,100.0,2025-11-09 14:30:00,False,active
10,Jacks Backs,Calvin Austin III,WR,PIT,BE,3.4,9.88,LAC,15.0,100.0,2025-11-10 01:20:00,False,active
10,Jacks Backs,Tory Horton,WR,SEA,BE,0.0,0.0,ARI,19.0,100.0,2025-11-09 21:05:00,False,inactive
10,White Corners Klub,Bijan Robinson,RB,ATL,RB,10.8,20.62,IND,8.0,100.0,2025-11-09 14:30:00,False,active
10,White Corners Klub,Ladd McConkey,WR,LAC,WR,20.7,15.27,PIT,24.0,100.0,2025-11-10 01:20:00,False,active
10,White Corners Klub,Josh Allen,QB,BUF,QB,19.34,22.52,MIA,23.0,100.0,2025-11-09 18:00:00,False,active
10,White Corners Klub,Kenneth Walker III,RB,SEA,BE,8.0,12.51,ARI,28.0,100.0,2025-11-09 21:05:00,False,active
10,White Corners Klub,RJ Harvey,RB,DEN,RB,7.3,12.76,LV,15.0,100.0,2025-11-07 01:15:00,False,active
10,White Corners Klub,Tyler Warren,TE,IND,TE,17.9,12.44,ATL,4.0,100.0,2025-11-09 14:30:00,False,active
10,White Corners Klub,Zach Charbonnet,RB,SEA,BE,14.3,9.89,ARI,28.0,100.0,2025-11-09 21:05:00,False,active
10,White Corners Klub,Kyle Pitts Sr.,TE,ATL,BE,5.8,11.79,IND,25.0,100.0,2025-11-09 14:30:00,False,active
10,White Corners Klub,Trey Benson,RB,ARI,IR,0.0,0.0,SEA,12.0,100.0,2025-11-09 21:05:00,False,inactive
10,White Corners Klub,Marvin Mims Jr.,WR,DEN,BE,0.0,0.0,LV,25.0,100.0,2025-11-07 01:15:00,False,inactive
10,White Corners Klub,Malik Washington,WR,MIA,WR,13.0,17.06,BUF,11.0,100.0,2025-11-09 18:00:00,False,active
10,White Corners Klub,Jaylen Warren,RB,PIT,RB/WR/TE,11.1,15.27,LAC,4.0,100.0,2025-11-10 01:20:00,False,active
10,White Corners Klub,Jaxson Dart,QB,NYG,BE,26.28,22.07,CHI,22.0,100.0,2025-11-09 18:00:00,False,active
10,White Corners Klub,Tyler Loop,K,BAL,K,13.0,8.55,MIN,22.0,100.0,2025-11-09 18:00:00,False,active
10,White Corners Klub,Browns D/ST,D/ST,CLE,D/ST,8.0,8.3,NYJ,28.0,100.0,2025-11-09 18:00:00,False,active
10,White Corners Klub,KaVontae Turpin,WR,DAL,BE,,,,,,,,
10,"you won't, but Drake Maye",CeeDee Lamb,WR,DAL,BE,,,,,,,,
10,"you won't, but Drake Maye",Bucky Irving,RB,TB,BE,0.0,0.0,NE,9.0,100.0,2025-11-09 18:00:00,False,inactive
10,"you won't, but Drake Maye",James Cook III,RB,BUF,RB,10.7,21.01,MIA,29.0,100.0,2025-11-09 18:00:00,False,active
10,"you won't, but Drake Maye",Omarion Hampton,RB,LAC,IR,0.0,0.0,PIT,14.0,100.0,2025-11-10 01:20:00,False,inactive
10,"you won't, but Drake Maye",Ricky Pearsall,WR,SF,BE,0.0,0.0,LAR,20.0,100.0,2025-11-09 21:25:00,False,inactive
10,"you won't, but Drake Maye",Stefon Diggs,WR,NE,WR,15.6,13.97,TB,17.0,100.0,2025-11-09 18:00:00,False,active
10,"you won't, but Drake Maye",Jordan Addison,WR,MIN,WR,6.5,12.79,BAL,28.0,100.0,2025-11-09 18:00:00,False,active
10,"you won't, but Drake Maye",Travis Etienne Jr.,RB,JAX,RB/WR/TE,15.7,12.68,HOU,20.0,100.0,2025-11-09 18:00:00,False,active
10,"you won't, but Drake Maye",Drake Maye,QB,NE,QB,18.1,20.77,TB,29.0,100.0,2025-11-09 18:00:00,False,active
10,"you won't, but Drake Maye",Eddy Pineiro,K,SF,K,1.5,8.08,LAR,10.0,100.0,2025-11-09 21:25:00,False,active
10,"you won't, but Drake Maye",Chimere Dike,WR,TEN,BE,,,,,,,,
10,"you won't, but Drake Maye",Kimani Vidal,RB,LAC,RB,17.8,11.65,PIT,14.0,100.0,2025-11-10 01:20:00,False,active
10,"you won't, but Drake Maye",Oronde Gadsden,TE,LAC,TE,4.3,11.48,PIT,29.0,100.0,2025-11-10 01:20:00,False,active
10,"you won't, but Drake Maye",Chase Brown,RB,CIN,BE,,,,,,,,
10,"you won't, but Drake Maye",Colston Loveland,TE,CHI,BE,9.5,7.51,NYG,8.0,100.0,2025-11-09 18:00:00,False,active
10,"you won't, but Drake Maye",Patriots D/ST,D/ST,NE,D/ST,2.0,6.21,TB,20.0,100.0,2025-11-09 18:00:00,False,active
10,Glock Purdy,Puka Nacua,WR,LAR,WR,17.4,23.02,SF,21.0,100.0,2025-11-09 21:25:00,False,active
10,Glock Purdy,Nico Collins,WR,HOU,WR,22.6,15.73,JAX,16.0,100.0,2025-11-09 18:00:00,False,active
10,Glock Purdy,Joe Burrow,QB,CIN,IR,,,,,,,,
10,Glock Purdy,Alvin Kamara,RB,NO,RB,14.5,12.21,CAR,23.0,100.0,2025-11-09 18:00:00,False,active
10,Glock Purdy,Aaron Jones Sr.,RB,MIN,RB,15.9,11.42,BAL,22.0,100.0,2025-11-09 18:00:00,False,active
10,Glock Purdy,Jaylen Waddle,WR,MIA,RB/WR/TE,19.4,14.12,BUF,11.0,100.0,2025-11-09 18:00:00,False,active
10,Glock Purdy,Travis Kelce,TE,KC,BE,,,,,,,,
10,Glock Purdy,Ka'imi Fairbairn,K,HOU,K,0.0,0.0,JAX,2.0,100.0,2025-11-09 18:00:00,False,inactive
10,Glock Purdy,Wan'Dale Robinson,WR,NYG,BE,12.2,14.08,CHI,29.0,100.0,2025-11-09 18:00:00,False,active
10,Glock Purdy,Quentin Johnston,WR,LAC,BE,9.2,11.69,PIT,24.0,100.0,2025-11-10 01:20:00,False,active
10,Glock Purdy,Daniel Jones,QB,IND,QB,15.5,19.95,ATL,17.0,100.0,2025-11-09 14:30:00,False,active
10,Glock Purdy,DJ Moore,WR,CHI,BE,0.0,11.55,NYG,22.0,100.0,2025-11-09 18:00:00,False,active
10,Glock Purdy,Tony Pollard,RB,TEN,BE,,,,,,,,
10,Glock Purdy,Bills D/ST,D/ST,BUF,D/ST,3.0,8.21,MIA,23.0,100.0,2025-11-09 18:00:00,False,active
10,Glock Purdy,Jaylin Lane,WR,WSH,BE,5.1,17.44,DET,30.0,100.0,2025-11-09 21:25:00,False,active
10,Glock Purdy,Dalton Schultz,TE,HOU,TE,18.3,9.36,JAX,23.0,100.0,2025-11-09 18:00:00,False,active
10,Tyler's Football Team,A.J. Brown,WR,PHI,BE,3.3,17.16,GB,18.0,100.0,2025-11-11 01:15:00,False,active
10,Tyler's Football Team,Derrick Henry,RB,BAL,RB,11.4,15.82,MIN,6.0,100.0,2025-11-09 18:00:00,False,active
10,Tyler's Football Team,Terry McLaurin,WR,WSH,IR,0.0,0.0,DET,30.0,100.0,2025-11-09 21:25:00,False,inactive
10,Tyler's Football Team,Patrick Mahomes,QB,KC,QB,,,,,,,,
10,Tyler's Football Team,Calvin Ridley,WR,TEN,BE,,,,,,,,
10,Tyler's Football Team,Jauan Jennings,WR,SF,WR,17.1,11.88,LAR,20.0,100.0,2025-11-09 21:25:00,False,active
10,Tyler's Football Team,Luke McCaffrey,WR,WSH,WR,0.0,0.0,DET,30.0,100.0,2025-11-09 21:25:00,False,inactive
10,Tyler's Football Team,Sean Tucker,RB,TB,BE,6.1,10.61,NE,9.0,100.0,2025-11-09 18:00:00,False,active
10,Tyler's Football Team,Wil Lutz,K,DEN,K,3.0,8.36,LV,26.0,100.0,2025-11-07 01:15:00,False,active
10,Tyler's Football Team,Bam Knight,RB,ARI,RB,12.2,10.49,SEA,12.0,100.0,2025-11-09 21:05:00,False,active
10,Tyler's Football Team,Buccaneers D/ST,D/ST,TB,BE,1.0,7.14,NE,9.0,100.0,2025-11-09 18:00:00,False,active
10,Tyler's Football Team,Jaylin Noel,WR,HOU,BE,8.3,6.09,JAX,16.0,100.0,2025-11-09 18:00:00,False,active
10,Tyler's Football Team,Theo Johnson,TE,NYG,TE,14.5,10.35,CHI,15.0,100.0,2025-11-09 18:00:00,False,active
10,Tyler's Football Team,Samaje Perine,RB,CIN,RB/WR/TE,,,,,,,,
10,Tyler's Football Team,Jaguars D/ST,D/ST,JAX,D/ST,10.0,7.52,HOU,12.0,100.0,2025-11-09 18:00:00,False,active
10,Hurts So Good,Jahmyr Gibbs,RB,DET,RB,38.2,18.23,WSH,24.0,100.0,2025-11-09 21:25:00,False,active
10,Hurts So Good,DeVonta Smith,WR,PHI,WR,16.9,14.89,GB,18.0,100.0,2025-11-11 01:15:00,False,active
10,Hurts So Good,Lamar Jackson,QB,BAL,QB,16.64,23.59,MIN,1.0,100.0,2025-11-09 18:00:00,False,active
10,Hurts So Good,Mike Evans,WR,TB,IR,0.0,0.0,NE,14.0,100.0,2025-11-09 18:00:00,False,inactive
10,Hurts So Good,D'Andre Swift,RB,CHI,BE,14.8,13.59,NYG,27.0,100.0,2025-11-09 18:00:00,False,active
10,Hurts So Good,Mark Andrews,TE,BAL,TE,10.4,9.64,MIN,6.0,100.0,2025-11-09 18:00:00,False,active
10,Hurts So Good,Rome Odunze,WR,CHI,WR,20.6,13.29,NYG,22.0,100.0,2025-11-09 18:00:00,False,active
10,Hurts So Good,J.K. Dobbins,RB,DEN,RB,9.4,13.23,LV,15.0,100.0,2025-11-07 01:15:00,False,active
10,Hurts So Good,Cooper Kupp,WR,SEA,BE,9.4,8.62,ARI,19.0,100.0,2025-11-09 21:05:00,False,active
10,Hurts So Good,Keenan Allen,WR,LAC,BE,3.9,12.54,PIT,24.0,100.0,2025-11-10 01:20:00,False,active
10,Hurts So Good,Texans D/ST,D/ST,HOU,D/ST,16.0,8.28,JAX,11.0,100.0,2025-11-09 18:00:00,False,active
10,Hurts So Good,Jared Goff,QB,DET,BE,24.8,18.67,WSH,30.0,100.0,2025-11-09 21:25:00,False,active
10,Hurts So Good,Jake Elliott,K,PHI,K,4.0,8.29,GB,14.0,100.0,2025-11-11 01:15:00,False,active
10,Hurts So Good,Hunter Henry,TE,NE,BE,1.9,10.65,TB,27.0,100.0,2025-11-09 18:00:00,False,active
10,Hurts So Good,Jameson Williams,WR,DET,RB/WR/TE,23.9,12.08,WSH,23.0,100.0,2025-11-09 21:25:00,False,active
10,Hurts So Good,Jason Myers,K,SEA,BE,15.0,8.42,ARI,32.0,100.0,2025-11-09 21:05:00,False,active
10,Philip's Perfect Team,Christian McCaffrey,RB,SF,RB,17.6,24.46,LAR,3.0,100.0,2025-11-09 21:25:00,False,active
10,Philip's Perfect Team,Drake London,WR,ATL,WR,24.4,19.83,IND,32.0,100.0,2025-11-09 14:30:00,False,active
10,Philip's Perfect Team,Tee Higgins,WR,CIN,BE,,,,,,,,
10,Philip's Perfect Team,Jaxon Smith-Njigba,WR,SEA,RB/WR/TE,20.3,21.99,ARI,19.0,100.0,2025-11-09 21:05:00,False,active
10,Philip's Perfect Team,Breece Hall,RB,NYJ,BE,19.5,14.37,CLE,16.0,100.0,2025-11-09 18:00:00,False,active
10,Philip's Perfect Team,T.J. Hockenson,TE,MIN,TE,2.8,9.59,BAL,9.0,100.0,2025-11-09 18:00:00,False,active
10,Philip's Perfect Team,Michael Pittman Jr.,WR,IND,WR,3.9,14.99,ATL,26.0,100.0,2025-11-09 14:30:00,False,active
10,Philip's Perfect Team,Deebo Samuel,WR,WSH,BE,12.9,16.68,DET,30.0,100.0,2025-11-09 21:25:00,False,active
10,Philip's Perfect Team,Chris Godwin Jr.,WR,TB,BE,0.0,0.0,NE,14.0,100.0,2025-11-09 18:00:00,False,inactive
10,Philip's Perfect Team,Justin Herbert,QB,LAC,QB,14.7,20.13,PIT,27.0,100.0,2025-11-10 01:20:00,False,active
10,Philip's Perfect Team,J.J. McCarthy,QB,MIN,BE,14.72,17.65,BAL,21.0,100.0,2025-11-09 18:00:00,False,active
10,Philip's Perfect Team,Jake Ferguson,TE,DAL,BE,,,,,,,,
10,Philip's Perfect Team,Colts D/ST,D/ST,IND,D/ST,7.0,6.38,ATL,19.0,100.0,2025-11-09 14:30:00,False,active
10,Philip's Perfect Team,George Holani,RB,SEA,RB,9.1,4.29,ARI,28.0,100.0,2025-11-09 21:05:00,False,active
10,Philip's Perfect Team,Harrison Mevis,K,LAR,K,6.0,8.51,SF,3.0,100.0,2025-11-09 21:25:00,False,active
10,Montgomery Beer,Ashton Jeanty,RB,LV,RB,15.3,13.88,DEN,2.0,100.0,2025-11-07 01:15:00,False,active
10,Montgomery Beer,Brian Thomas Jr.,WR,JAX,WR,0.0,0.0,HOU,2.0,100.0,2025-11-09 18:00:00,False,inactive
10,Montgomery Beer,George Kittle,TE,SF,TE,23.4,11.6,LAR,16.0,100.0,2025-11-09 21:25:00,False,active
10,Montgomery Beer,Baker Mayfield,QB,TB,BE,22.92,16.13,NE,11.0,100.0,2025-11-09 18:00:00,False,active
10,Montgomery Beer,David Montgomery,RB,DET,RB,10.1,13.94,WSH,24.0,100.0,2025-11-09 21:25:00,False,active
10,Montgomery Beer,Rashee Rice,WR,KC,BE,,,,,,,,
10,Montgomery Beer,Javonte Williams,RB,DAL,BE,,,,,,,,
10,Montgomery Beer,Brandon Aubrey,K,DAL,BE,,,,,,,,
10,Montgomery Beer,Rashid Shaheed,WR,SEA,WR,10.0,15.39,ARI,19.0,100.0,2025-11-09 21:05:00,False,active
10,Montgomery Beer,Jordan Love,QB,GB,QB,7.84,16.99,PHI,10.0,100.0,2025-11-11 01:15:00,False,active
10,Montgomery Beer,Nick Chubb,RB,HOU,BE,6.2,8.9,JAX,5.0,100.0,2025-11-09 18:00:00,False,active
10,Montgomery Beer,Justice Hill,RB,BAL,RB/WR/TE,11.1,6.2,MIN,6.0,100.0,2025-11-09 18:00:00,False,active
10,Montgomery Beer,Rams D/ST,D/ST,LAR,D/ST,6.0,8.01,SF,13.0,100.0,2025-11-09 21:25:00,False,active
10,Montgomery Beer,Matt Prater,K,BUF,K,1.0,8.8,MIA,8.0,100.0,2025-11-09 18:00:00,False,active
10,SaquonDeese,Saquon Barkley,RB,PHI,RB,13.1,16.1,GB,11.0,100.0,2025-11-11 01:15:00,False,active
10,SaquonDeese,Jalen Hurts,QB,PHI,QB,12.02,21.45,GB,12.0,100.0,2025-11-11 01:15:00,False,active
10,SaquonDeese,Xavier Worthy,WR,KC,BE,,,,,,,,
10,SaquonDeese,Tetairoa McMillan,WR,CAR,WR,11.0,12.23,NO,7.0,100.0,2025-11-09 18:00:00,False,active
10,SaquonDeese,Emeka Egbuka,WR,TB,RB/WR/TE,23.5,15.63,NE,14.0,100.0,2025-11-09 18:00:00,False,active
10,SaquonDeese,Broncos D/ST,D/ST,DEN,D/ST,17.0,9.88,LV,32.0,100.0,2025-11-07 01:15:00,False,active
10,SaquonDeese,Chase McLaughlin,K,TB,K,5.0,8.16,NE,4.0,100.0,2025-11-09 18:00:00,False,active
10,SaquonDeese,Quinshon Judkins,RB,CLE,RB,10.5,15.1,NYJ,32.0,100.0,2025-11-09 18:00:00,False,active
10,SaquonDeese,DK Metcalf,WR,PIT,WR,6.5,13.3,LAC,15.0,100.0,2025-11-10 01:20:00,False,active
10,SaquonDeese,Khalil Shakir,WR,BUF,BE,13.5,13.85,MIA,8.0,100.0,2025-11-09 18:00:00,False,active
10,SaquonDeese,Harold Fannin Jr.,TE,CLE,TE,8.4,10.12,NYJ,26.0,100.0,2025-11-09 18:00:00,False,active
10,SaquonDeese,Juwan Johnson,TE,NO,BE,19.2,8.95,CAR,19.0,100.0,2025-11-09 18:00:00,False,active
10,SaquonDeese,Devin Singletary,RB,NYG,BE,10.3,9.72,CHI,18.0,100.0,2025-11-09 18:00:00,False,active
10,SaquonDeese,Tyrone Tracy Jr.,RB,NYG,BE,8.1,12.47,CHI,18.0,100.0,2025-11-09 18:00:00,False,active
10,SaquonDeese,Olamide Zaccheaus,WR,CHI,BE,1.5,8.78,NYG,22.0,100.0,2025-11-09 18:00:00,False,active
11,GriddyThemTiddies,Justin Jefferson,WR,MIN,WR,11.1,19.55,CHI,29.0,100.0,2025-11-16 18:00:00,False,active
11,GriddyThemTiddies,Jonathan Taylor,RB,IND,BE,,,,,,,,
11,GriddyThemTiddies,Brock Bowers,TE,LV,TE,14.2,17.19,DAL,12.0,100.0,2025-11-18 01:15:00,False,active
11,GriddyThemTiddies,Chuba Hubbard,RB,CAR,RB,8.9,6.03,ATL,10.0,100.0,2025-11-16 18:00:00,False,active
11,GriddyThemTiddies,Garrett Wilson,WR,NYJ,BE,0.0,0.0,NE,14.0,100.0,2025-11-14 01:15:00,False,active
11,GriddyThemTiddies,Travis Hunter,WR,JAX,BE,0.0,0.0,LAC,15.0,100.0,2025-11-16 18:00:00,False,inactive
11,GriddyThemTiddies,Jakobi Meyers,WR,JAX,BE,11.4,9.71,LAC,15.0,100.0,2025-11-16 18:00:00,False,active
11,GriddyThemTiddies,Caleb Williams,QB,CHI,QB,10.32,19.55,MIN,1.0,100.0,2025-11-16 18:00:00,False,active
11,GriddyThemTiddies,Jayden Reed,WR,GB,IR,0.0,0.0,NYG,22.0,100.0,2025-11-16 18:00:00,False,inactive
11,GriddyThemTiddies,Dallas Goedert,TE,PHI,RB/WR/TE,4.4,11.11,DET,18.0,100.0,2025-11-17 01:20:00,False,active
11,GriddyThemTiddies,Matthew Stafford,QB,LAR,BE,13.2,18.05,SEA,7.0,100.0,2025-11-16 21:05:00,False,active
11,GriddyThemTiddies,Eagles D/ST,D/ST,PHI,BE,9.0,5.69,DET,5.0,100.0,2025-11-17 01:20:00,False,active
11,GriddyThemTiddies,Kareem Hunt,RB,KC,RB,13.2,10.89,DEN,2.0,100.0,2025-11-16 21:25:00,False,active
11,GriddyThemTiddies,Chargers D/ST,D/ST,LAC,D/ST,0.0,8.7,JAX,11.0,100.0,2025-11-16 18:00:00,False,active
11,GriddyThemTiddies,Cairo Santos,K,CHI,K,15.0,8.21,MIN,22.0,100.0,2025-11-16 18:00:00,False,active
11,GriddyThemTiddies,Greg Dortch,WR,ARI,WR,31.6,18.88,SF,21.0,100.0,2025-11-16 21:05:00,False,active
11,Team Beil,Amon-Ra St. Brown,WR,DET,WR,6.2,20.18,PHI,6.0,100.0,2025-11-17 01:20:00,False,active
11,Team Beil,Josh Jacobs,RB,GB,RB,4.0,21.9,NYG,27.0,100.0,2025-11-16 18:00:00,False,active
11,Team Beil,Jayden Daniels,QB,WSH,BE,0.0,0.0,MIA,23.0,100.0,2025-11-16 14:30:00,False,inactive
11,Team Beil,TreVeyon Henderson,RB,NE,RB/WR/TE,32.3,16.33,NYJ,32.0,100.0,2025-11-14 01:15:00,False,active
11,Team Beil,George Pickens,WR,DAL,WR,29.4,14.7,LV,25.0,100.0,2025-11-18 01:15:00,False,active
11,Team Beil,Dak Prescott,QB,DAL,QB,24.32,17.86,LV,16.0,100.0,2025-11-18 01:15:00,False,active
11,Team Beil,Cameron Dicker,K,LAC,K,8.0,8.69,JAX,2.0,100.0,2025-11-16 18:00:00,False,active
11,Team Beil,Rachaad White,RB,TB,BE,8.2,14.17,BUF,26.0,100.0,2025-11-16 18:00:00,False,active
11,Team Beil,Pat Freiermuth,TE,PIT,TE,2.9,7.04,CIN,32.0,100.0,2025-11-16 18:00:00,False,active
11,Team Beil,Rico Dowdle,RB,CAR,RB,15.0,20.18,ATL,10.0,100.0,2025-11-16 18:00:00,False,active
11,Team Beil,Kayshon Boutte,WR,NE,BE,0.0,0.0,NYJ,12.0,100.0,2025-11-14 01:15:00,False,inactive
11,Team Beil,Kyle Monangai,RB,CHI,BE,10.7,8.91,MIN,6.0,100.0,2025-11-16 18:00:00,False,active
11,Team Beil,Michael Penix Jr.,QB,ATL,BE,7.9,15.65,CAR,6.0,100.0,2025-11-16 18:00:00,False,active
11,Team Beil,Alec Pierce,WR,IND,BE,,,,,,,,
11,Team Beil,Bears D/ST,D/ST,CHI,D/ST,9.0,7.86,MIN,30.0,100.0,2025-11-16 18:00:00,False,active
11,Naberhood Watch,Malik Nabers,WR,NYG,IR,0.0,0.0,GB,18.0,100.0,2025-11-16 18:00:00,False,inactive
11,Naberhood Watch,De'Von Achane,RB,MIA,RB,21.5,27.88,WSH,24.0,100.0,2025-11-16 14:30:00,False,active
11,Naberhood Watch,Davante Adams,WR,LAR,RB/WR/TE,7.1,15.7,SEA,5.0,100.0,2025-11-16 21:05:00,False,active
11,Naberhood Watch,Marvin Harrison Jr.,WR,ARI,WR,0.0,0.0,SF,21.0,100.0,2025-11-16 21:05:00,False,inactive
11,Naberhood Watch,Zay Flowers,WR,BAL,BE,11.3,13.11,CLE,13.0,100.0,2025-11-16 21:25:00,False,active
11,Naberhood Watch,Sam LaPorta,TE,DET,TE,0.0,0.0,PHI,2.0,100.0,2025-11-17 01:20:00,False,inactive
11,Naberhood Watch,Chris Olave,WR,NO,WR,,,,,,,,
11,Naberhood Watch,Rhamondre Stevenson,RB,NE,BE,0.0,0.0,NYJ,32.0,100.0,2025-11-14 01:15:00,False,inactive
11,Naberhood Watch,Ravens D/ST,D/ST,BAL,BE,12.0,7.94,CLE,31.0,100.0,2025-11-16 21:25:00,False,active
11,Naberhood Watch,Jake Bates,K,DET,K,4.5,8.37,PHI,13.0,100.0,2025-11-17 01:20:00,False,active
11,Naberhood Watch,Zach Ertz,TE,WSH,BE,8.2,9.97,MIA,30.0,100.0,2025-11-16 14:30:00,False,active
11,Naberhood Watch,Romeo Doubs,WR,GB,BE,9.3,12.99,NYG,22.0,100.0,2025-11-16 18:00:00,False,active
11,Naberhood Watch,Jacory Croskey-Merritt,RB,WSH,RB,4.3,8.55,MIA,29.0,100.0,2025-11-16 14:30:00,False,active
11,Naberhood Watch,Falcons D/ST,D/ST,ATL,D/ST,2.0,7.69,CAR,25.0,100.0,2025-11-16 18:00:00,False,active
11,Naberhood Watch,Chris Boswell,K,PIT,BE,10.0,8.94,CIN,12.0,100.0,2025-11-16 18:00:00,False,active
11,Naberhood Watch,Sam Darnold,QB,SEA,QB,4.26,15.01,LAR,14.0,100.0,2025-11-16 21:05:00,False,active
11,White Corners Klub,Bijan Robinson,RB,ATL,RB,30.3,20.6,CAR,23.0,100.0,2025-11-16 18:00:00,False,active
11,White Corners Klub,Ladd McConkey,WR,LAC,WR,4.3,15.25,JAX,16.0,100.0,2025-11-16 18:00:00,False,active
11,White Corners Klub,Josh Allen,QB,BUF,QB,42.68,20.7,TB,29.0,100.0,2025-11-16 18:00:00,False,active
11,White Corners Klub,Kenneth Walker III,RB,SEA,BE,20.1,10.72,LAR,3.0,100.0,2025-11-16 21:05:00,False,active
11,White Corners Klub,RJ Harvey,RB,DEN,RB/WR/TE,8.0,15.59,KC,17.0,100.0,2025-11-16 21:25:00,False,active
11,White Corners Klub,Tyler Warren,TE,IND,BE,,,,,,,,
11,White Corners Klub,Zach Charbonnet,RB,SEA,BE,6.7,8.52,LAR,3.0,100.0,2025-11-16 21:05:00,False,active
11,White Corners Klub,Kyle Pitts Sr.,TE,ATL,TE,3.4,10.33,CAR,19.0,100.0,2025-11-16 18:00:00,False,active
11,White Corners Klub,Trey Benson,RB,ARI,IR,0.0,0.0,SF,25.0,100.0,2025-11-16 21:05:00,False,inactive
11,White Corners Klub,Marvin Mims Jr.,WR,DEN,BE,10.3,12.86,KC,4.0,100.0,2025-11-16 21:25:00,False,active
11,White Corners Klub,Malik Washington,WR,MIA,WR,9.6,17.78,WSH,23.0,100.0,2025-11-16 14:30:00,False,active
11,White Corners Klub,Jaylen Warren,RB,PIT,RB,8.7,18.98,CIN,31.0,100.0,2025-11-16 18:00:00,False,active
11,White Corners Klub,Jaxson Dart,QB,NYG,BE,0.0,0.0,GB,12.0,100.0,2025-11-16 18:00:00,False,inactive
11,White Corners Klub,Tyler Loop,K,BAL,K,12.0,7.8,CLE,9.0,100.0,2025-11-16 21:25:00,False,active
11,White Corners Klub,Browns D/ST,D/ST,CLE,D/ST,17.0,7.03,BAL,15.0,100.0,2025-11-16 21:25:00,False,active
11,White Corners Klub,KaVontae Turpin,WR,DAL,BE,13.5,13.9,LV,25.0,100.0,2025-11-18 01:15:00,False,active
11,Jacks Backs,Ja'Marr Chase,WR,CIN,WR,6.0,22.3,PIT,24.0,100.0,2025-11-16 18:00:00,False,active
11,Jacks Backs,Trey McBride,TE,ARI,TE,27.5,18.95,SF,24.0,100.0,2025-11-16 21:05:00,False,active
11,Jacks Backs,Kyren Williams,RB,LAR,RB,16.6,13.89,SEA,12.0,100.0,2025-11-16 21:05:00,False,active
11,Jacks Backs,Courtland Sutton,WR,DEN,BE,9.9,13.24,KC,4.0,100.0,2025-11-16 21:25:00,False,active
11,Jacks Backs,Bo Nix,QB,DEN,BE,12.6,17.53,KC,13.0,100.0,2025-11-16 21:25:00,False,active
11,Jacks Backs,Dalton Kincaid,TE,BUF,BE,0.0,0.0,TB,27.0,100.0,2025-11-16 18:00:00,False,inactive
11,Jacks Backs,Seahawks D/ST,D/ST,SEA,D/ST,4.0,5.26,LAR,1.0,100.0,2025-11-16 21:05:00,False,active
11,Jacks Backs,Woody Marks,RB,HOU,RB,6.1,13.86,TEN,13.0,100.0,2025-11-16 18:00:00,False,active
11,Jacks Backs,Kenneth Gainwell,RB,PIT,BE,31.9,14.18,CIN,31.0,100.0,2025-11-16 18:00:00,False,active
11,Jacks Backs,Cade Otton,TE,TB,RB/WR/TE,4.8,9.68,BUF,1.0,100.0,2025-11-16 18:00:00,False,active
11,Jacks Backs,Josh Downs,WR,IND,BE,,,,,,,,
11,Jacks Backs,Troy Franklin,WR,DEN,WR,12.4,12.84,KC,4.0,100.0,2025-11-16 21:25:00,False,active
11,Jacks Backs,Andy Borregales,K,NE,K,9.0,8.79,NYJ,31.0,100.0,2025-11-14 01:15:00,False,active
11,Jacks Backs,Tez Johnson,WR,TB,BE,1.6,9.22,BUF,11.0,100.0,2025-11-16 18:00:00,False,active
11,Jacks Backs,Jacoby Brissett,QB,ARI,QB,21.88,17.93,SF,20.0,100.0,2025-11-16 21:05:00,False,active
11,Glock Purdy,Puka Nacua,WR,LAR,WR,14.3,20.5,SEA,5.0,100.0,2025-11-16 21:05:00,False,active
11,Glock Purdy,Nico Collins,WR,HOU,WR,24.2,16.36,TEN,27.0,100.0,2025-11-16 18:00:00,False,active
11,Glock Purdy,Joe Burrow,QB,CIN,IR,0.0,0.0,PIT,27.0,100.0,2025-11-16 18:00:00,False,inactive
11,Glock Purdy,Alvin Kamara,RB,NO,BE,,,,,,,,
11,Glock Purdy,Aaron Jones Sr.,RB,MIN,RB,11.1,14.07,CHI,18.0,100.0,2025-11-16 18:00:00,False,active
11,Glock Purdy,Jaylen Waddle,WR,MIA,RB/WR/TE,8.2,16.8,WSH,23.0,100.0,2025-11-16 14:30:00,False,active
11,Glock Purdy,Travis Kelce,TE,KC,TE,24.1,10.03,DEN,17.0,100.0,2025-11-16 21:25:00,False,active
11,Glock Purdy,Ka'imi Fairbairn,K,HOU,BE,0.0,0.0,TEN,28.0,100.0,2025-11-16 18:00:00,False,inactive
11,Glock Purdy,Wan'Dale Robinson,WR,NYG,BE,7.6,14.86,GB,18.0,100.0,2025-11-16 18:00:00,False,active
11,Glock Purdy,Daniel Jones,QB,IND,BE,,,,,,,,
11,Glock Purdy,Tony Pollard,RB,TEN,RB,5.6,9.3,HOU,20.0,100.0,2025-11-16 18:00:00,False,active
11,Glock Purdy,Dalton Schultz,TE,HOU,BE,11.1,10.21,TEN,21.0,100.0,2025-11-16 18:00:00,False,active
11,Glock Purdy,Joe Flacco,QB,CIN,BE,9.86,16.66,PIT,27.0,100.0,2025-11-16 18:00:00,False,active
11,Glock Purdy,Packers D/ST,D/ST,GB,D/ST,7.0,9.69,NYG,20.0,100.0,2025-11-16 18:00:00,False,active
11,Glock Purdy,Cam Little,K,JAX,K,5.0,7.75,LAC,17.0,100.0,2025-11-16 18:00:00,False,active
11,Glock Purdy,Brock Purdy,QB,SF,QB,19.3,19.0,ARI,19.0,100.0,2025-11-16 21:05:00,False,active
11,"you won't, but Drake Maye",CeeDee Lamb,WR,DAL,WR,17.6,19.37,LV,25.0,100.0,2025-11-18 01:15:00,False,active
11,"you won't, but Drake Maye",Bucky Irving,RB,TB,BE,0.0,0.0,BUF,26.0,100.0,2025-11-16 18:00:00,False,inactive
11,"you won't, but Drake Maye",James Cook III,RB,BUF,RB,20.4,18.51,TB,19.0,100.0,2025-11-16 18:00:00,False,active
11,"you won't, but Drake Maye",Omarion Hampton,RB,LAC,IR,0.0,0.0,JAX,5.0,100.0,2025-11-16 18:00:00,False,inactive
11,"you won't, but Drake Maye",Ricky Pearsall,WR,SF,BE,1.0,9.29,ARI,19.0,100.0,2025-11-16 21:05:00,False,active
11,"you won't, but Drake Maye",Stefon Diggs,WR,NE,RB/WR/TE,19.5,13.89,NYJ,12.0,100.0,2025-11-14 01:15:00,False,active
11,"you won't, but Drake Maye",Jordan Addison,WR,MIN,BE,10.0,12.77,CHI,29.0,100.0,2025-11-16 18:00:00,False,active
11,"you won't, but Drake Maye",Travis Etienne Jr.,RB,JAX,BE,19.3,14.55,LAC,4.0,100.0,2025-11-16 18:00:00,False,active
11,"you won't, but Drake Maye",Drake Maye,QB,NE,QB,15.44,22.42,NYJ,31.0,100.0,2025-11-14 01:15:00,False,active
11,"you won't, but Drake Maye",Eddy Pineiro,K,SF,K,13.0,8.34,ARI,32.0,100.0,2025-11-16 21:05:00,False,active
11,"you won't, but Drake Maye",Chimere Dike,WR,TEN,WR,3.4,17.15,HOU,2.0,100.0,2025-11-16 18:00:00,False,active
11,"you won't, but Drake Maye",Kimani Vidal,RB,LAC,BE,3.2,12.76,JAX,5.0,100.0,2025-11-16 18:00:00,False,active
11,"you won't, but Drake Maye",Oronde Gadsden,TE,LAC,TE,6.1,10.53,JAX,23.0,100.0,2025-11-16 18:00:00,False,active
11,"you won't, but Drake Maye",Chase Brown,RB,CIN,RB,18.7,14.69,PIT,14.0,100.0,2025-11-16 18:00:00,False,active
11,"you won't, but Drake Maye",Colston Loveland,TE,CHI,BE,7.0,6.61,MIN,6.0,100.0,2025-11-16 18:00:00,False,active
11,"you won't, but Drake Maye",Patriots D/ST,D/ST,NE,D/ST,9.0,8.84,NYJ,28.0,100.0,2025-11-14 01:15:00,False,active
11,Hurts So Good,Jahmyr Gibbs,RB,DET,RB,19.6,17.39,PHI,21.0,100.0,2025-11-17 01:20:00,False,active
11,Hurts So Good,DeVonta Smith,WR,PHI,WR,1.8,15.27,DET,30.0,100.0,2025-11-17 01:20:00,False,active
11,Hurts So Good,Lamar Jackson,QB,BAL,QB,4.72,19.68,CLE,5.0,100.0,2025-11-16 21:25:00,False,active
11,Hurts So Good,Mike Evans,WR,TB,IR,0.0,0.0,BUF,11.0,100.0,2025-11-16 18:00:00,False,inactive
11,Hurts So Good,D'Andre Swift,RB,CHI,RB,9.0,14.67,MIN,6.0,100.0,2025-11-16 18:00:00,False,active
11,Hurts So Good,Mark Andrews,TE,BAL,TE,15.7,9.04,CLE,14.0,100.0,2025-11-16 21:25:00,False,active
11,Hurts So Good,Rome Odunze,WR,CHI,WR,6.1,14.57,MIN,1.0,100.0,2025-11-16 18:00:00,False,active
11,Hurts So Good,J.K. Dobbins,RB,DEN,BE,0.0,0.0,KC,17.0,100.0,2025-11-16 21:25:00,False,inactive
11,Hurts So Good,Cooper Kupp,WR,SEA,BE,5.3,8.03,LAR,20.0,100.0,2025-11-16 21:05:00,False,active
11,Hurts So Good,Keenan Allen,WR,LAC,BE,9.3,12.13,JAX,16.0,100.0,2025-11-16 18:00:00,False,active
11,Hurts So Good,Texans D/ST,D/ST,HOU,D/ST,11.0,9.23,TEN,29.0,100.0,2025-11-16 18:00:00,False,active
11,Hurts So Good,Jared Goff,QB,DET,BE,12.1,16.25,PHI,10.0,100.0,2025-11-17 01:20:00,False,active
11,Hurts So Good,Jake Elliott,K,PHI,K,11.0,8.38,DET,19.0,100.0,2025-11-17 01:20:00,False,active
11,Hurts So Good,Hunter Henry,TE,NE,BE,8.5,10.01,NYJ,26.0,100.0,2025-11-14 01:15:00,False,active
11,Hurts So Good,Jameson Williams,WR,DET,RB/WR/TE,19.7,12.59,PHI,6.0,100.0,2025-11-17 01:20:00,False,active
11,Hurts So Good,Jason Myers,K,SEA,BE,14.0,8.06,LAR,10.0,100.0,2025-11-16 21:05:00,False,active
11,Tyler's Football Team,A.J. Brown,WR,PHI,RB/WR/TE,11.9,15.7,DET,30.0,100.0,2025-11-17 01:20:00,False,active
11,Tyler's Football Team,Derrick Henry,RB,BAL,RB,20.2,14.62,CLE,16.0,100.0,2025-11-16 21:25:00,False,active
11,Tyler's Football Team,Terry McLaurin,WR,WSH,IR,0.0,0.0,MIA,8.0,100.0,2025-11-16 14:30:00,False,inactive
11,Tyler's Football Team,Patrick Mahomes,QB,KC,QB,13.34,18.02,DEN,9.0,100.0,2025-11-16 21:25:00,False,active
11,Tyler's Football Team,Calvin Ridley,WR,TEN,BE,2.3,8.73,HOU,2.0,100.0,2025-11-16 18:00:00,False,active
11,Tyler's Football Team,Jauan Jennings,WR,SF,WR,9.4,14.22,ARI,19.0,100.0,2025-11-16 21:05:00,False,active
11,Tyler's Football Team,Luke McCaffrey,WR,WSH,WR,0.0,0.0,MIA,8.0,100.0,2025-11-16 14:30:00,False,inactive
11,Tyler's Football Team,Sean Tucker,RB,TB,RB,34.0,15.48,BUF,26.0,100.0,2025-11-16 18:00:00,False,active
11,Tyler's Football Team,Wil Lutz,K,DEN,K,18.0,7.65,KC,15.0,100.0,2025-11-16 21:25:00,False,active
11,Tyler's Football Team,Bam Knight,RB,ARI,BE,14.5,12.07,SF,25.0,100.0,2025-11-16 21:05:00,False,active
11,Tyler's Football Team,Buccaneers D/ST,D/ST,TB,BE,2.0,5.66,BUF,4.0,100.0,2025-11-16 18:00:00,False,active
11,Tyler's Football Team,Jaylin Noel,WR,HOU,BE,11.1,6.83,TEN,27.0,100.0,2025-11-16 18:00:00,False,active
11,Tyler's Football Team,Theo Johnson,TE,NYG,TE,6.6,10.41,GB,10.0,100.0,2025-11-16 18:00:00,False,active
11,Tyler's Football Team,Samaje Perine,RB,CIN,BE,0.0,0.0,PIT,14.0,100.0,2025-11-16 18:00:00,False,inactive
11,Tyler's Football Team,Jaguars D/ST,D/ST,JAX,D/ST,13.0,7.29,LAC,22.0,100.0,2025-11-16 18:00:00,False,active
11,Montgomery Beer,Ashton Jeanty,RB,LV,RB,9.4,18.82,DAL,30.0,100.0,2025-11-18 01:15:00,False,active
11,Montgomery Beer,Brian Thomas Jr.,WR,JAX,BE,0.0,0.0,LAC,15.0,100.0,2025-11-16 18:00:00,False,inactive
11,Montgomery Beer,George Kittle,TE,SF,TE,24.7,13.86,ARI,31.0,100.0,2025-11-16 21:05:00,False,active
11,Montgomery Beer,Baker Mayfield,QB,TB,BE,16.82,17.35,BUF,4.0,100.0,2025-11-16 18:00:00,False,active
11,Montgomery Beer,David Montgomery,RB,DET,RB,4.7,10.32,PHI,21.0,100.0,2025-11-17 01:20:00,False,active
11,Montgomery Beer,Rashee Rice,WR,KC,WR,9.8,16.45,DEN,9.0,100.0,2025-11-16 21:25:00,False,active
11,Montgomery Beer,Javonte Williams,RB,DAL,RB/WR/TE,10.3,16.07,LV,15.0,100.0,2025-11-18 01:15:00,False,active
11,Montgomery Beer,Brandon Aubrey,K,DAL,K,9.0,8.84,LV,26.0,100.0,2025-11-18 01:15:00,False,active
11,Montgomery Beer,Rashid Shaheed,WR,SEA,WR,6.9,14.65,LAR,20.0,100.0,2025-11-16 21:05:00,False,active
11,Montgomery Beer,Jordan Love,QB,GB,QB,17.66,16.34,NYG,25.0,100.0,2025-11-16 18:00:00,False,active
11,Montgomery Beer,Nick Chubb,RB,HOU,BE,1.7,8.73,TEN,13.0,100.0,2025-11-16 18:00:00,False,active
11,Montgomery Beer,Justice Hill,RB,BAL,BE,0.0,0.0,CLE,16.0,100.0,2025-11-16 21:25:00,False,inactive
11,Montgomery Beer,Matt Prater,K,BUF,BE,8.0,8.28,TB,11.0,100.0,2025-11-16 18:00:00,False,active
11,Montgomery Beer,Cowboys D/ST,D/ST,DAL,D/ST,13.0,8.62,LV,32.0,100.0,2025-11-18 01:15:00,False,active
11,Philip's Perfect Team,Christian McCaffrey,RB,SF,RB,35.1,26.25,ARI,28.0,100.0,2025-11-16 21:05:00,False,active
11,Philip's Perfect Team,Drake London,WR,ATL,WR,18.9,18.76,CAR,3.0,100.0,2025-11-16 18:00:00,False,active
11,Philip's Perfect Team,Tee Higgins,WR,CIN,WR,15.3,13.57,PIT,24.0,100.0,2025-11-16 18:00:00,False,active
11,Philip's Perfect Team,Jaxon Smith-Njigba,WR,SEA,RB/WR/TE,20.6,22.97,LAR,20.0,100.0,2025-11-16 21:05:00,False,active
11,Philip's Perfect Team,Breece Hall,RB,NYJ,BE,8.4,13.78,NE,9.0,100.0,2025-11-14 01:15:00,False,active
11,Philip's Perfect Team,T.J. Hockenson,TE,MIN,TE,6.9,8.55,CHI,15.0,100.0,2025-11-16 18:00:00,False,active
11,Philip's Perfect Team,Michael Pittman Jr.,WR,IND,BE,,,,,,,,
11,Philip's Perfect Team,Deebo Samuel,WR,WSH,BE,20.7,16.41,MIA,8.0,100.0,2025-11-16 14:30:00,False,active
11,Philip's Perfect Team,Chris Godwin Jr.,WR,TB,BE,0.0,0.0,BUF,11.0,100.0,2025-11-16 18:00:00,False,inactive
11,Philip's Perfect Team,Justin Herbert,QB,LAC,QB,3.34,19.57,JAX,15.0,100.0,2025-11-16 18:00:00,False,active
11,Philip's Perfect Team,J.J. McCarthy,QB,MIN,BE,6.0,18.41,CHI,22.0,100.0,2025-11-16 18:00:00,False,active
11,Philip's Perfect Team,Jake Ferguson,TE,DAL,BE,11.6,10.78,LV,3.0,100.0,2025-11-18 01:15:00,False,active
11,Philip's Perfect Team,George Holani,RB,SEA,RB,0.6,5.6,LAR,3.0,100.0,2025-11-16 21:05:00,False,active
11,Philip's Perfect Team,Harrison Mevis,K,LAR,K,3.0,8.42,SEA,5.0,100.0,2025-11-16 21:05:00,False,active
11,Philip's Perfect Team,Steelers D/ST,D/ST,PIT,D/ST,23.0,7.82,CIN,26.0,100.0,2025-11-16 18:00:00,False,active
11,SaquonDeese,Saquon Barkley,RB,PHI,RB,10.0,15.53,DET,1.0,100.0,2025-11-17 01:20:00,False,active
11,SaquonDeese,Jalen Hurts,QB,PHI,QB,14.5,21.64,DET,24.0,100.0,2025-11-17 01:20:00,False,active
11,SaquonDeese,Xavier Worthy,WR,KC,BE,5.5,11.45,DEN,9.0,100.0,2025-11-16 21:25:00,False,active
11,SaquonDeese,Tetairoa McMillan,WR,CAR,BE,33.0,13.47,ATL,26.0,100.0,2025-11-16 18:00:00,False,active
11,SaquonDeese,Emeka Egbuka,WR,TB,RB/WR/TE,9.0,16.55,BUF,11.0,100.0,2025-11-16 18:00:00,False,active
11,SaquonDeese,Broncos D/ST,D/ST,DEN,D/ST,8.0,7.29,KC,17.0,100.0,2025-11-16 21:25:00,False,active
11,SaquonDeese,Chase McLaughlin,K,TB,K,8.0,8.17,BUF,7.0,100.0,2025-11-16 18:00:00,False,active
11,SaquonDeese,Quinshon Judkins,RB,CLE,RB,5.9,14.06,BAL,22.0,100.0,2025-11-16 21:25:00,False,active
11,SaquonDeese,DK Metcalf,WR,PIT,WR,9.9,12.56,CIN,10.0,100.0,2025-11-16 18:00:00,False,active
11,SaquonDeese,Khalil Shakir,WR,BUF,WR,0.7,13.95,TB,17.0,100.0,2025-11-16 18:00:00,False,active
11,SaquonDeese,Harold Fannin Jr.,TE,CLE,TE,4.6,8.96,BAL,9.0,100.0,2025-11-16 21:25:00,False,active
11,SaquonDeese,Juwan Johnson,TE,NO,BE,,,,,,,,
11,SaquonDeese,Devin Singletary,RB,NYG,BE,17.7,9.59,GB,11.0,100.0,2025-11-16 18:00:00,False,active
11,SaquonDeese,Tyrone Tracy Jr.,RB,NYG,BE,17.9,12.56,GB,11.0,100.0,2025-11-16 18:00:00,False,active
11,SaquonDeese,Parker Washington,WR,JAX,BE,4.0,12.97,LAC,15.0,100.0,2025-11-16 18:00:00,False,active
12,Team Beil,Amon-Ra St. Brown,WR,DET,WR,29.9,20.2,NYG,22.0,100.0,2025-11-23 18:00:00,False,active
12,Team Beil,Josh Jacobs,RB,GB,BE,0.0,0.0,MIN,6.0,100.0,2025-11-23 18:00:00,False,inactive
12,Team Beil,Jayden Daniels,QB,WSH,BE,,,,,,,,
12,Team Beil,TreVeyon Henderson,RB,NE,RB/WR/TE,11.1,15.34,CIN,31.0,100.0,2025-11-23 18:00:00,False,active
12,Team Beil,George Pickens,WR,DAL,WR,29.6,16.57,PHI,6.0,100.0,2025-11-23 21:25:00,False,active
12,Team Beil,Dak Prescott,QB,DAL,QB,27.06,17.71,PHI,10.0,100.0,2025-11-23 21:25:00,False,active
12,Team Beil,Cameron Dicker,K,LAC,BE,,,,,,,,
12,Team Beil,Pat Freiermuth,TE,PIT,TE,10.9,5.91,CHI,15.0,100.0,2025-11-23 18:00:00,False,active
12,Team Beil,Rico Dowdle,RB,CAR,RB,11.4,18.69,SF,25.0,100.0,2025-11-25 01:15:00,False,active
12,Team Beil,Kayshon Boutte,WR,NE,BE,3.5,9.7,CIN,10.0,100.0,2025-11-23 18:00:00,False,active
12,Team Beil,Kyle Monangai,RB,CHI,RB,10.8,7.85,PIT,14.0,100.0,2025-11-23 18:00:00,False,active
12,Team Beil,Alec Pierce,WR,IND,BE,3.6,11.41,KC,4.0,100.0,2025-11-23 18:00:00,False,active
12,Team Beil,Bears D/ST,D/ST,CHI,D/ST,7.0,6.8,PIT,16.0,100.0,2025-11-23 18:00:00,False,active
12,Team Beil,Harrison Butker,K,KC,K,16.0,8.51,IND,30.0,100.0,2025-11-23 18:00:00,False,active
12,Team Beil,Davis Mills,QB,HOU,BE,14.52,16.48,BUF,4.0,100.0,2025-11-21 01:15:00,False,active
12,White Corners Klub,Bijan Robinson,RB,ATL,RB,14.7,21.67,NO,7.0,100.0,2025-11-23 21:25:00,False,active
12,White Corners Klub,Ladd McConkey,WR,LAC,BE,,,,,,,,
12,White Corners Klub,Josh Allen,QB,BUF,QB,8.12,19.13,HOU,3.0,100.0,2025-11-21 01:15:00,False,active
12,White Corners Klub,Kenneth Walker III,RB,SEA,BE,13.1,13.81,TEN,13.0,100.0,2025-11-23 18:00:00,False,active
12,White Corners Klub,RJ Harvey,RB,DEN,BE,,,,,,,,
12,White Corners Klub,Tyler Warren,TE,IND,TE,9.5,14.77,KC,7.0,100.0,2025-11-23 18:00:00,False,active
12,White Corners Klub,Trey Benson,RB,ARI,IR,0.0,0.0,JAX,5.0,100.0,2025-11-23 21:05:00,False,inactive
12,White Corners Klub,Marvin Mims Jr.,WR,DEN,BE,,,,,,,,
12,White Corners Klub,Malik Washington,WR,MIA,BE,,,,,,,,
12,White Corners Klub,Jaylen Warren,RB,PIT,RB,12.8,14.38,CHI,18.0,100.0,2025-11-23 18:00:00,False,active
12,White Corners Klub,Jaxson Dart,QB,NYG,BE,0.0,0.0,DET,24.0,100.0,2025-11-23 18:00:00,False,inactive
12,White Corners Klub,Tyler Loop,K,BAL,K,11.0,8.63,NYJ,31.0,100.0,2025-11-23 18:00:00,False,active
12,White Corners Klub,Browns D/ST,D/ST,CLE,D/ST,18.0,9.58,LV,32.0,100.0,2025-11-23 21:05:00,False,active
12,White Corners Klub,KaVontae Turpin,WR,DAL,WR,12.8,15.17,PHI,6.0,100.0,2025-11-23 21:25:00,False,active
12,White Corners Klub,Michael Wilson,WR,ARI,WR,21.8,13.01,JAX,16.0,100.0,2025-11-23 21:05:00,False,active
12,White Corners Klub,Sean Tucker,RB,TB,RB/WR/TE,5.6,14.22,LAR,3.0,100.0,2025-11-24 01:20:00,False,active
12,Glock Purdy,Puka Nacua,WR,LAR,WR,16.7,20.71,TB,17.0,100.0,2025-11-24 01:20:00,False,active
12,Glock Purdy,Nico Collins,WR,HOU,WR,8.5,16.45,BUF,11.0,100.0,2025-11-21 01:15:00,False,active
12,Glock Purdy,Joe Burrow,QB,CIN,IR,0.0,0.0,NE,11.0,100.0,2025-11-23 18:00:00,False,inactive
12,Glock Purdy,Alvin Kamara,RB,NO,RB,3.5,13.75,ATL,10.0,100.0,2025-11-23 21:25:00,False,active
12,Glock Purdy,Aaron Jones Sr.,RB,MIN,RB,8.7,13.53,GB,11.0,100.0,2025-11-23 18:00:00,False,active
12,Glock Purdy,Jaylen Waddle,WR,MIA,BE,,,,,,,,
12,Glock Purdy,Travis Kelce,TE,KC,TE,8.4,11.84,IND,25.0,100.0,2025-11-23 18:00:00,False,active
12,Glock Purdy,Ka'imi Fairbairn,K,HOU,K,12.0,7.9,BUF,7.0,100.0,2025-11-21 01:15:00,False,active
12,Glock Purdy,Wan'Dale Robinson,WR,NYG,RB/WR/TE,30.6,14.1,DET,30.0,100.0,2025-11-23 18:00:00,False,active
12,Glock Purdy,Daniel Jones,QB,IND,BE,16.84,19.93,KC,13.0,100.0,2025-11-23 18:00:00,False,active
12,Glock Purdy,Tony Pollard,RB,TEN,BE,8.1,10.0,SEA,12.0,100.0,2025-11-23 18:00:00,False,active
12,Glock Purdy,Dalton Schultz,TE,HOU,BE,1.8,10.25,BUF,1.0,100.0,2025-11-21 01:15:00,False,active
12,Glock Purdy,Packers D/ST,D/ST,GB,D/ST,19.0,9.18,MIN,30.0,100.0,2025-11-23 18:00:00,False,active
12,Glock Purdy,Brock Purdy,QB,SF,QB,7.32,20.39,CAR,6.0,100.0,2025-11-25 01:15:00,False,active
12,Glock Purdy,Blake Corum,RB,LAR,BE,2.4,12.33,TB,19.0,100.0,2025-11-24 01:20:00,False,active
12,GriddyThemTiddies,Justin Jefferson,WR,MIN,WR,8.8,17.51,GB,18.0,100.0,2025-11-23 18:00:00,False,active
12,GriddyThemTiddies,Jonathan Taylor,RB,IND,RB,8.6,20.52,KC,17.0,100.0,2025-11-23 18:00:00,False,active
12,GriddyThemTiddies,Brock Bowers,TE,LV,TE,11.5,15.15,CLE,14.0,100.0,2025-11-23 21:05:00,False,active
12,GriddyThemTiddies,Chuba Hubbard,RB,CAR,BE,8.3,10.66,SF,25.0,100.0,2025-11-25 01:15:00,False,active
12,GriddyThemTiddies,Garrett Wilson,WR,NYJ,BE,0.0,0.0,BAL,28.0,100.0,2025-11-23 18:00:00,False,inactive
12,GriddyThemTiddies,Jakobi Meyers,WR,JAX,BE,15.0,10.42,ARI,19.0,100.0,2025-11-23 21:05:00,False,active
12,GriddyThemTiddies,Caleb Williams,QB,CHI,BE,21.66,17.73,PIT,27.0,100.0,2025-11-23 18:00:00,False,active
12,GriddyThemTiddies,Jayden Reed,WR,GB,IR,0.0,0.0,MIN,1.0,100.0,2025-11-23 18:00:00,False,inactive
12,GriddyThemTiddies,Dallas Goedert,TE,PHI,RB/WR/TE,4.0,11.29,DAL,12.0,100.0,2025-11-23 21:25:00,False,active
12,GriddyThemTiddies,Matthew Stafford,QB,LAR,QB,22.92,19.64,TB,29.0,100.0,2025-11-24 01:20:00,False,active
12,GriddyThemTiddies,Eagles D/ST,D/ST,PHI,D/ST,3.0,6.03,DAL,3.0,100.0,2025-11-23 21:25:00,False,active
12,GriddyThemTiddies,Kareem Hunt,RB,KC,RB,20.0,13.54,IND,8.0,100.0,2025-11-23 18:00:00,False,active
12,GriddyThemTiddies,Chargers D/ST,D/ST,LAC,BE,,,,,,,,
12,GriddyThemTiddies,Cairo Santos,K,CHI,K,8.0,8.15,PIT,18.0,100.0,2025-11-23 18:00:00,False,active
12,GriddyThemTiddies,Greg Dortch,WR,ARI,BE,29.5,13.12,JAX,16.0,100.0,2025-11-23 21:05:00,False,active
12,GriddyThemTiddies,Charlie Jones,WR,CIN,WR,8.6,14.29,NE,14.0,100.0,2025-11-23 18:00:00,False,active
12,Hurts So Good,Jahmyr Gibbs,RB,DET,RB,55.4,21.02,NYG,27.0,100.0,2025-11-23 18:00:00,False,active
12,Hurts So Good,DeVonta Smith,WR,PHI,WR,14.9,14.76,DAL,31.0,100.0,2025-11-23 21:25:00,False,active
12,Hurts So Good,Lamar Jackson,QB,BAL,QB,7.22,21.17,NYJ,31.0,100.0,2025-11-23 18:00:00,False,active
12,Hurts So Good,Mike Evans,WR,TB,IR,0.0,0.0,LAR,20.0,100.0,2025-11-24 01:20:00,False,inactive
12,Hurts So Good,D'Andre Swift,RB,CHI,RB,1.9,14.81,PIT,14.0,100.0,2025-11-23 18:00:00,False,active
12,Hurts So Good,Mark Andrews,TE,BAL,TE,2.1,10.04,NYJ,26.0,100.0,2025-11-23 18:00:00,False,active
12,Hurts So Good,Rome Odunze,WR,CHI,WR,8.3,13.35,PIT,24.0,100.0,2025-11-23 18:00:00,False,active
12,Hurts So Good,J.K. Dobbins,RB,DEN,BE,,,,,,,,
12,Hurts So Good,Cooper Kupp,WR,SEA,BE,4.4,8.73,TEN,27.0,100.0,2025-11-23 18:00:00,False,active
12,Hurts So Good,Keenan Allen,WR,LAC,BE,,,,,,,,
12,Hurts So Good,Texans D/ST,D/ST,HOU,D/ST,15.0,6.95,BUF,4.0,100.0,2025-11-21 01:15:00,False,active
12,Hurts So Good,Jared Goff,QB,DET,BE,17.16,17.75,NYG,25.0,100.0,2025-11-23 18:00:00,False,active
12,Hurts So Good,Jake Elliott,K,PHI,K,2.0,8.32,DAL,27.0,100.0,2025-11-23 21:25:00,False,active
12,Hurts So Good,Hunter Henry,TE,NE,BE,24.5,11.45,CIN,32.0,100.0,2025-11-23 18:00:00,False,active
12,Hurts So Good,Jameson Williams,WR,DET,RB/WR/TE,0.0,12.88,NYG,22.0,100.0,2025-11-23 18:00:00,False,active
12,Hurts So Good,Jason Myers,K,SEA,BE,13.0,8.45,TEN,28.0,100.0,2025-11-23 18:00:00,False,active
12,Naberhood Watch,Malik Nabers,WR,NYG,IR,0.0,0.0,DET,30.0,100.0,2025-11-23 18:00:00,False,inactive
12,Naberhood Watch,De'Von Achane,RB,MIA,RB,,,,,,,,
12,Naberhood Watch,Davante Adams,WR,LAR,RB/WR/TE,23.2,16.78,TB,17.0,100.0,2025-11-24 01:20:00,False,active
12,Naberhood Watch,Marvin Harrison Jr.,WR,ARI,WR,0.0,0.0,JAX,16.0,100.0,2025-11-23 21:05:00,False,inactive
12,Naberhood Watch,Zay Flowers,WR,BAL,BE,11.9,13.2,NYJ,12.0,100.0,2025-11-23 18:00:00,False,active
12,Naberhood Watch,Sam LaPorta,TE,DET,TE,0.0,0.0,NYG,8.0,100.0,2025-11-23 18:00:00,False,inactive
12,Naberhood Watch,Chris Olave,WR,NO,WR,16.0,17.02,ATL,26.0,100.0,2025-11-23 21:25:00,False,active
12,Naberhood Watch,Rhamondre Stevenson,RB,NE,RB,2.0,14.08,CIN,31.0,100.0,2025-11-23 18:00:00,False,active
12,Naberhood Watch,Ravens D/ST,D/ST,BAL,BE,13.0,8.44,NYJ,28.0,100.0,2025-11-23 18:00:00,False,active
12,Naberhood Watch,Jake Bates,K,DET,K,12.0,8.87,NYG,23.0,100.0,2025-11-23 18:00:00,False,active
12,Naberhood Watch,Zach Ertz,TE,WSH,BE,,,,,,,,
12,Naberhood Watch,Jacory Croskey-Merritt,RB,WSH,BE,,,,,,,,
12,Naberhood Watch,Falcons D/ST,D/ST,ATL,D/ST,16.0,7.17,NO,27.0,100.0,2025-11-23 21:25:00,False,active
12,Naberhood Watch,Chris Boswell,K,PIT,BE,4.0,8.29,CHI,6.0,100.0,2025-11-23 18:00:00,False,active
12,Naberhood Watch,Sam Darnold,QB,SEA,QB,17.66,15.16,TEN,28.0,100.0,2025-11-23 18:00:00,False,active
12,Naberhood Watch,Emanuel Wilson,RB,GB,BE,26.5,14.53,MIN,6.0,100.0,2025-11-23 18:00:00,False,active
12,Montgomery Beer,Ashton Jeanty,RB,LV,RB,24.8,15.28,CLE,16.0,100.0,2025-11-23 21:05:00,False,active
12,Montgomery Beer,Brian Thomas Jr.,WR,JAX,BE,0.0,0.0,ARI,19.0,100.0,2025-11-23 21:05:00,False,inactive
12,Montgomery Beer,George Kittle,TE,SF,TE,13.8,15.2,CAR,19.0,100.0,2025-11-25 01:15:00,False,active
12,Montgomery Beer,Baker Mayfield,QB,TB,BE,3.54,14.56,LAR,14.0,100.0,2025-11-24 01:20:00,False,active
12,Montgomery Beer,David Montgomery,RB,DET,RB,6.7,13.01,NYG,27.0,100.0,2025-11-23 18:00:00,False,active
12,Montgomery Beer,Rashee Rice,WR,KC,WR,24.1,17.65,IND,32.0,100.0,2025-11-23 18:00:00,False,active
12,Montgomery Beer,Javonte Williams,RB,DAL,RB/WR/TE,12.1,14.24,PHI,21.0,100.0,2025-11-23 21:25:00,False,active
12,Montgomery Beer,Brandon Aubrey,K,DAL,K,6.0,8.69,PHI,13.0,100.0,2025-11-23 21:25:00,False,active
12,Montgomery Beer,Rashid Shaheed,WR,SEA,WR,8.3,14.12,TEN,27.0,100.0,2025-11-23 18:00:00,False,active
12,Montgomery Beer,Jordan Love,QB,GB,QB,7.06,17.41,MIN,1.0,100.0,2025-11-23 18:00:00,False,active
12,Montgomery Beer,Nick Chubb,RB,HOU,BE,2.5,6.36,BUF,26.0,100.0,2025-11-21 01:15:00,False,active
12,Montgomery Beer,Justice Hill,RB,BAL,BE,2.7,5.29,NYJ,32.0,100.0,2025-11-23 18:00:00,False,active
12,Montgomery Beer,Matt Prater,K,BUF,BE,7.5,8.05,HOU,1.0,100.0,2025-11-21 01:15:00,False,active
12,Montgomery Beer,Lions D/ST,D/ST,DET,D/ST,0.0,9.17,NYG,20.0,100.0,2025-11-23 18:00:00,False,active
12,Montgomery Beer,Darnell Mooney,WR,ATL,BE,16.4,11.17,NO,7.0,100.0,2025-11-23 21:25:00,False,active
12,Jacks Backs,Ja'Marr Chase,WR,CIN,BE,0.0,0.0,NE,14.0,100.0,2025-11-23 18:00:00,False,inactive
12,Jacks Backs,Trey McBride,TE,ARI,TE,16.9,17.88,JAX,23.0,100.0,2025-11-23 21:05:00,False,active
12,Jacks Backs,Kyren Williams,RB,LAR,RB,6.6,14.98,TB,19.0,100.0,2025-11-24 01:20:00,False,active
12,Jacks Backs,Courtland Sutton,WR,DEN,BE,,,,,,,,
12,Jacks Backs,Bo Nix,QB,DEN,BE,,,,,,,,
12,Jacks Backs,Dalton Kincaid,TE,BUF,BE,0.0,0.0,HOU,11.0,100.0,2025-11-21 01:15:00,False,inactive
12,Jacks Backs,Seahawks D/ST,D/ST,SEA,D/ST,6.0,8.69,TEN,29.0,100.0,2025-11-23 18:00:00,False,active
12,Jacks Backs,Woody Marks,RB,HOU,RB/WR/TE,7.9,13.63,BUF,26.0,100.0,2025-11-21 01:15:00,False,active
12,Jacks Backs,Kenneth Gainwell,RB,PIT,RB,20.0,14.45,CHI,18.0,100.0,2025-11-23 18:00:00,False,active
12,Jacks Backs,Cade Otton,TE,TB,BE,6.1,9.49,LAR,16.0,100.0,2025-11-24 01:20:00,False,active
12,Jacks Backs,Josh Downs,WR,IND,WR,3.0,10.87,KC,4.0,100.0,2025-11-23 18:00:00,False,active
12,Jacks Backs,Troy Franklin,WR,DEN,BE,,,,,,,,
12,Jacks Backs,Andy Borregales,K,NE,K,18.0,8.87,CIN,12.0,100.0,2025-11-23 18:00:00,False,active
12,Jacks Backs,Jacoby Brissett,QB,ARI,QB,18.68,16.74,JAX,15.0,100.0,2025-11-23 21:05:00,False,active
12,Jacks Backs,Romeo Doubs,WR,GB,WR,6.4,14.14,MIN,1.0,100.0,2025-11-23 18:00:00,False,active
12,SaquonDeese,Saquon Barkley,RB,PHI,RB,12.4,16.8,DAL,30.0,100.0,2025-11-23 21:25:00,False,active
12,SaquonDeese,Jalen Hurts,QB,PHI,QB,30.86,22.41,DAL,32.0,100.0,2025-11-23 21:25:00,False,active
12,SaquonDeese,Xavier Worthy,WR,KC,BE,9.9,11.35,IND,32.0,100.0,2025-11-23 18:00:00,False,active
12,SaquonDeese,Tetairoa McMillan,WR,CAR,WR,11.5,16.32,SF,21.0,100.0,2025-11-25 01:15:00,False,active
12,SaquonDeese,Emeka Egbuka,WR,TB,RB/WR/TE,6.2,16.84,LAR,20.0,100.0,2025-11-24 01:20:00,False,active
12,SaquonDeese,Broncos D/ST,D/ST,DEN,BE,,,,,,,,
12,SaquonDeese,Chase McLaughlin,K,TB,K,1.0,7.74,LAR,10.0,100.0,2025-11-24 01:20:00,False,active
12,SaquonDeese,Quinshon Judkins,RB,CLE,RB,16.7,13.94,LV,15.0,100.0,2025-11-23 21:05:00,False,active
12,SaquonDeese,DK Metcalf,WR,PIT,BE,14.4,13.73,CHI,29.0,100.0,2025-11-23 18:00:00,False,active
12,SaquonDeese,Khalil Shakir,WR,BUF,WR,18.5,12.67,HOU,2.0,100.0,2025-11-21 01:15:00,False,active
12,SaquonDeese,Harold Fannin Jr.,TE,CLE,BE,8.4,9.06,LV,3.0,100.0,2025-11-23 21:05:00,False,active
12,SaquonDeese,Juwan Johnson,TE,NO,TE,10.6,9.26,ATL,4.0,100.0,2025-11-23 21:25:00,False,active
12,SaquonDeese,Tyrone Tracy Jr.,RB,NYG,BE,16.0,12.86,DET,1.0,100.0,2025-11-23 18:00:00,False,active
12,SaquonDeese,Parker Washington,WR,JAX,BE,22.4,11.12,ARI,19.0,100.0,2025-11-23 21:05:00,False,active
12,SaquonDeese,Rams D/ST,D/ST,LAR,D/ST,21.0,7.21,TB,20.0,100.0,2025-11-24 01:20:00,False,active
12,"you won't, but Drake Maye",CeeDee Lamb,WR,DAL,WR,11.5,18.2,PHI,6.0,100.0,2025-11-23 21:25:00,False,active
12,"you won't, but Drake Maye",Bucky Irving,RB,TB,BE,0.0,0.0,LAR,3.0,100.0,2025-11-24 01:20:00,False,inactive
12,"you won't, but Drake Maye",James Cook III,RB,BUF,RB,21.9,15.77,HOU,20.0,100.0,2025-11-21 01:15:00,False,active
12,"you won't, but Drake Maye",Omarion Hampton,RB,LAC,IR,,,,,,,,
12,"you won't, but Drake Maye",Ricky Pearsall,WR,SF,BE,2.8,10.31,CAR,3.0,100.0,2025-11-25 01:15:00,False,active
12,"you won't, but Drake Maye",Stefon Diggs,WR,NE,BE,4.0,16.55,CIN,10.0,100.0,2025-11-23 18:00:00,False,active
12,"you won't, but Drake Maye",Jordan Addison,WR,MIN,BE,0.0,11.91,GB,18.0,100.0,2025-11-23 18:00:00,False,active
12,"you won't, but Drake Maye",Travis Etienne Jr.,RB,JAX,RB,20.6,13.59,ARI,28.0,100.0,2025-11-23 21:05:00,False,active
12,"you won't, but Drake Maye",Drake Maye,QB,NE,QB,15.96,24.96,CIN,26.0,100.0,2025-11-23 18:00:00,False,active
12,"you won't, but Drake Maye",Chimere Dike,WR,TEN,WR,40.2,20.81,SEA,5.0,100.0,2025-11-23 18:00:00,False,active
12,"you won't, but Drake Maye",Kimani Vidal,RB,LAC,BE,,,,,,,,
12,"you won't, but Drake Maye",Oronde Gadsden,TE,LAC,BE,,,,,,,,
12,"you won't, but Drake Maye",Chase Brown,RB,CIN,RB/WR/TE,15.0,15.53,NE,9.0,100.0,2025-11-23 18:00:00,False,active
12,"you won't, but Drake Maye",Colston Loveland,TE,CHI,TE,14.9,6.12,PIT,29.0,100.0,2025-11-23 18:00:00,False,active
12,"you won't, but Drake Maye",Patriots D/ST,D/ST,NE,D/ST,13.0,7.28,CIN,26.0,100.0,2025-11-23 18:00:00,False,active
12,"you won't, but Drake Maye",Cam Little,K,JAX,K,13.0,7.91,ARI,32.0,100.0,2025-11-23 21:05:00,False,active
12,Philip's Perfect Team,Christian McCaffrey,RB,SF,RB,27.2,26.08,CAR,23.0,100.0,2025-11-25 01:15:00,False,active
12,Philip's Perfect Team,Drake London,WR,ATL,BE,0.0,0.0,NO,7.0,100.0,2025-11-23 21:25:00,False,inactive
12,Philip's Perfect Team,Tee Higgins,WR,CIN,WR,8.1,15.69,NE,14.0,100.0,2025-11-23 18:00:00,False,active
12,Philip's Perfect Team,Jaxon Smith-Njigba,WR,SEA,WR,37.1,21.34,TEN,27.0,100.0,2025-11-23 18:00:00,False,active
12,Philip's Perfect Team,Breece Hall,RB,NYJ,RB,13.9,14.23,BAL,22.0,100.0,2025-11-23 18:00:00,False,active
12,Philip's Perfect Team,T.J. Hockenson,TE,MIN,BE,5.9,8.16,GB,10.0,100.0,2025-11-23 18:00:00,False,active
12,Philip's Perfect Team,Michael Pittman Jr.,WR,IND,RB/WR/TE,13.7,15.56,KC,4.0,100.0,2025-11-23 18:00:00,False,active
12,Philip's Perfect Team,Deebo Samuel,WR,WSH,BE,,,,,,,,
12,Philip's Perfect Team,Chris Godwin Jr.,WR,TB,BE,2.9,7.49,LAR,20.0,100.0,2025-11-24 01:20:00,False,active
12,Philip's Perfect Team,Justin Herbert,QB,LAC,BE,,,,,,,,
12,Philip's Perfect Team,J.J. McCarthy,QB,MIN,BE,0.48,14.18,GB,12.0,100.0,2025-11-23 18:00:00,False,active
12,Philip's Perfect Team,Jake Ferguson,TE,DAL,TE,11.1,9.81,PHI,2.0,100.0,2025-11-23 21:25:00,False,active
12,Philip's Perfect Team,Raiders D/ST,D/ST,LV,D/ST,7.0,8.63,CLE,31.0,100.0,2025-11-23 21:05:00,False,active
12,Philip's Perfect Team,Brandon McManus,K,GB,K,12.0,7.95,MIN,22.0,100.0,2025-11-23 18:00:00,False,active
12,Philip's Perfect Team,Tyler Shough,QB,NO,QB,7.92,15.97,ATL,17.0,100.0,2025-11-23 21:25:00,False,active
12,Tyler's Football Team,A.J. Brown,WR,PHI,WR,25.0,16.27,DAL,31.0,100.0,2025-11-23 21:25:00,False,active
12,Tyler's Football Team,Derrick Henry,RB,BAL,RB,22.8,17.12,NYJ,32.0,100.0,2025-11-23 18:00:00,False,active
12,Tyler's Football Team,Terry McLaurin,WR,WSH,IR,,,,,,,,
12,Tyler's Football Team,Patrick Mahomes,QB,KC,QB,17.08,21.07,IND,18.0,100.0,2025-11-23 18:00:00,False,active
12,Tyler's Football Team,Calvin Ridley,WR,TEN,BE,0.0,0.0,SEA,5.0,100.0,2025-11-23 18:00:00,False,inactive
12,Tyler's Football Team,Jauan Jennings,WR,SF,WR,15.1,14.05,CAR,3.0,100.0,2025-11-25 01:15:00,False,active
12,Tyler's Football Team,Luke McCaffrey,WR,WSH,BE,,,,,,,,
12,Tyler's Football Team,Bam Knight,RB,ARI,BE,13.2,12.27,JAX,5.0,100.0,2025-11-23 21:05:00,False,active
12,Tyler's Football Team,Theo Johnson,TE,NYG,TE,10.7,9.73,DET,18.0,100.0,2025-11-23 18:00:00,False,active
12,Tyler's Football Team,Jaguars D/ST,D/ST,JAX,D/ST,7.0,7.8,ARI,23.0,100.0,2025-11-23 21:05:00,False,active
12,Tyler's Football Team,Isaiah Williams,WR,NYJ,RB/WR/TE,14.5,14.26,BAL,28.0,100.0,2025-11-23 18:00:00,False,active
12,Tyler's Football Team,Ray Davis,RB,BUF,RB,20.5,10.44,HOU,20.0,100.0,2025-11-21 01:15:00,False,active
12,Tyler's Football Team,Michael Badgley,K,None,K,,,,,,,,
13,Glock Purdy,Puka Nacua,WR,LAR,WR,13.2,20.25,CAR,3.0,100.0,2025-11-30 18:00:00,False,active
13,Glock Purdy,Joe Burrow,QB,CIN,QB,19.24,17.87,BAL,21.0,100.0,2025-11-28 01:20:00,False,active
13,Glock Purdy,Alvin Kamara,RB,NO,BE,0.0,0.0,MIA,29.0,100.0,2025-11-30 18:00:00,False,inactive
13,Glock Purdy,Aaron Jones Sr.,RB,MIN,BE,4.5,12.52,SEA,12.0,100.0,2025-11-30 21:05:00,False,active
13,Glock Purdy,Jaylen Waddle,WR,MIA,WR,7.0,14.25,NO,7.0,100.0,2025-11-30 18:00:00,False,active
13,Glock Purdy,Travis Kelce,TE,KC,TE,15.5,11.69,DAL,12.0,100.0,2025-11-27 21:30:00,False,active
13,Glock Purdy,Ka'imi Fairbairn,K,HOU,K,9.0,7.71,IND,30.0,100.0,2025-11-30 18:00:00,False,active
13,Glock Purdy,Wan'Dale Robinson,WR,NYG,RB/WR/TE,10.4,13.9,NE,14.0,100.0,2025-12-02 01:15:00,False,active
13,Glock Purdy,Daniel Jones,QB,IND,BE,16.14,17.22,HOU,3.0,100.0,2025-11-30 18:00:00,False,active
13,Glock Purdy,Tony Pollard,RB,TEN,BE,5.3,10.28,JAX,5.0,100.0,2025-11-30 18:00:00,False,active
13,Glock Purdy,Dalton Schultz,TE,HOU,BE,12.5,8.91,IND,25.0,100.0,2025-11-30 18:00:00,False,active
13,Glock Purdy,Brock Purdy,QB,SF,BE,17.12,14.66,CLE,5.0,100.0,2025-11-30 18:00:00,False,active
13,Glock Purdy,Devin Neal,RB,NO,RB,9.9,14.52,MIA,29.0,100.0,2025-11-30 18:00:00,False,active
13,Glock Purdy,Buccaneers D/ST,D/ST,TB,D/ST,9.0,7.86,ARI,23.0,100.0,2025-11-30 18:00:00,False,active
13,Glock Purdy,Chase Brown,RB,CIN,RB,18.3,15.67,BAL,22.0,100.0,2025-11-28 01:20:00,False,active
13,Team Beil,Amon-Ra St. Brown,WR,DET,WR,0.0,20.71,GB,18.0,100.0,2025-11-27 18:00:00,False,active
13,Team Beil,Josh Jacobs,RB,GB,RB,10.1,19.31,DET,1.0,100.0,2025-11-27 18:00:00,False,active
13,Team Beil,Jayden Daniels,QB,WSH,BE,0.0,0.0,DEN,9.0,100.0,2025-12-01 01:20:00,False,inactive
13,Team Beil,TreVeyon Henderson,RB,NE,RB/WR/TE,11.6,20.06,NYG,27.0,100.0,2025-12-02 01:15:00,False,active
13,Team Beil,George Pickens,WR,DAL,WR,16.8,19.04,KC,4.0,100.0,2025-11-27 21:30:00,False,active
13,Team Beil,Dak Prescott,QB,DAL,QB,20.6,19.38,KC,13.0,100.0,2025-11-27 21:30:00,False,active
13,Team Beil,Cameron Dicker,K,LAC,K,9.0,8.49,LV,26.0,100.0,2025-11-30 21:25:00,False,active
13,Team Beil,Pat Freiermuth,TE,PIT,TE,0.0,5.35,BUF,1.0,100.0,2025-11-30 21:25:00,False,active
13,Team Beil,Rico Dowdle,RB,CAR,RB,9.9,15.2,LAR,3.0,100.0,2025-11-30 18:00:00,False,active
13,Team Beil,Kayshon Boutte,WR,NE,BE,13.5,8.12,NYG,22.0,100.0,2025-12-02 01:15:00,False,active
13,Team Beil,Kyle Monangai,RB,CHI,BE,19.0,8.07,PHI,21.0,100.0,2025-11-28 20:00:00,False,active
13,Team Beil,Alec Pierce,WR,IND,BE,17.8,9.84,HOU,2.0,100.0,2025-11-30 18:00:00,False,active
13,Team Beil,Davis Mills,QB,HOU,BE,0.0,0.0,IND,18.0,100.0,2025-11-30 18:00:00,False,inactive
13,Team Beil,49ers D/ST,D/ST,SF,D/ST,13.0,8.56,CLE,31.0,100.0,2025-11-30 18:00:00,False,active
13,Team Beil,Isiah Pacheco,RB,KC,BE,5.3,9.73,DAL,30.0,100.0,2025-11-27 21:30:00,False,active
13,White Corners Klub,Bijan Robinson,RB,ATL,RB,30.3,20.69,NYJ,32.0,100.0,2025-11-30 18:00:00,False,active
13,White Corners Klub,Ladd McConkey,WR,LAC,BE,13.9,13.2,LV,25.0,100.0,2025-11-30 21:25:00,False,active
13,White Corners Klub,Josh Allen,QB,BUF,QB,16.72,20.75,PIT,27.0,100.0,2025-11-30 21:25:00,False,active
13,White Corners Klub,Kenneth Walker III,RB,SEA,BE,10.4,13.89,MIN,6.0,100.0,2025-11-30 21:05:00,False,active
13,White Corners Klub,RJ Harvey,RB,DEN,RB/WR/TE,21.2,15.85,WSH,24.0,100.0,2025-12-01 01:20:00,False,active
13,White Corners Klub,Tyler Warren,TE,IND,TE,11.2,13.29,HOU,11.0,100.0,2025-11-30 18:00:00,False,active
13,White Corners Klub,Trey Benson,RB,ARI,IR,0.0,0.0,TB,19.0,100.0,2025-11-30 18:00:00,False,inactive
13,White Corners Klub,Marvin Mims Jr.,WR,DEN,BE,11.5,10.78,WSH,23.0,100.0,2025-12-01 01:20:00,False,active
13,White Corners Klub,Malik Washington,WR,MIA,WR,12.0,14.71,NO,7.0,100.0,2025-11-30 18:00:00,False,active
13,White Corners Klub,Jaylen Warren,RB,PIT,RB,12.4,13.79,BUF,26.0,100.0,2025-11-30 21:25:00,False,active
13,White Corners Klub,Jaxson Dart,QB,NYG,BE,13.56,18.84,NE,11.0,100.0,2025-12-02 01:15:00,False,active
13,White Corners Klub,Tyler Loop,K,BAL,K,2.0,8.67,CIN,12.0,100.0,2025-11-28 01:20:00,False,active
13,White Corners Klub,Browns D/ST,D/ST,CLE,D/ST,3.0,7.4,SF,13.0,100.0,2025-11-30 18:00:00,False,active
13,White Corners Klub,KaVontae Turpin,WR,DAL,WR,19.9,15.85,KC,4.0,100.0,2025-11-27 21:30:00,False,active
13,White Corners Klub,Michael Wilson,WR,ARI,BE,6.6,11.52,TB,17.0,100.0,2025-11-30 18:00:00,False,active
13,White Corners Klub,Sean Tucker,RB,TB,BE,0.0,9.81,ARI,28.0,100.0,2025-11-30 18:00:00,False,active
13,Hurts So Good,Jahmyr Gibbs,RB,DET,RB,11.6,20.95,GB,11.0,100.0,2025-11-27 18:00:00,False,active
13,Hurts So Good,DeVonta Smith,WR,PHI,WR,9.8,15.37,CHI,29.0,100.0,2025-11-28 20:00:00,False,active
13,Hurts So Good,Lamar Jackson,QB,BAL,QB,6.54,21.33,CIN,26.0,100.0,2025-11-28 01:20:00,False,active
13,Hurts So Good,Mike Evans,WR,TB,IR,0.0,0.0,ARI,19.0,100.0,2025-11-30 18:00:00,False,inactive
13,Hurts So Good,D'Andre Swift,RB,CHI,RB,20.8,11.4,PHI,21.0,100.0,2025-11-28 20:00:00,False,active
13,Hurts So Good,Mark Andrews,TE,BAL,TE,8.7,12.01,CIN,32.0,100.0,2025-11-28 01:20:00,False,active
13,Hurts So Good,Rome Odunze,WR,CHI,WR,2.8,13.51,PHI,6.0,100.0,2025-11-28 20:00:00,False,active
13,Hurts So Good,J.K. Dobbins,RB,DEN,BE,0.0,0.0,WSH,24.0,100.0,2025-12-01 01:20:00,False,inactive
13,Hurts So Good,Cooper Kupp,WR,SEA,BE,5.4,8.42,MIN,1.0,100.0,2025-11-30 21:05:00,False,active
13,Hurts So Good,Keenan Allen,WR,LAC,BE,7.0,12.01,LV,25.0,100.0,2025-11-30 21:25:00,False,active
13,Hurts So Good,Texans D/ST,D/ST,HOU,D/ST,6.0,6.83,IND,8.0,100.0,2025-11-30 18:00:00,False,active
13,Hurts So Good,Jared Goff,QB,DET,BE,20.64,15.97,GB,12.0,100.0,2025-11-27 18:00:00,False,active
13,Hurts So Good,Jake Elliott,K,PHI,K,2.5,8.31,CHI,6.0,100.0,2025-11-28 20:00:00,False,active
13,Hurts So Good,Hunter Henry,TE,NE,BE,11.3,11.25,NYG,8.0,100.0,2025-12-02 01:15:00,False,active
13,Hurts So Good,Jameson Williams,WR,DET,RB/WR/TE,26.9,11.84,GB,18.0,100.0,2025-11-27 18:00:00,False,active
13,Hurts So Good,Jason Myers,K,SEA,BE,19.0,8.45,MIN,22.0,100.0,2025-11-30 21:05:00,False,active
13,GriddyThemTiddies,Justin Jefferson,WR,MIN,WR,2.4,13.98,SEA,5.0,100.0,2025-11-30 21:05:00,False,active
13,GriddyThemTiddies,Jonathan Taylor,RB,IND,RB,15.1,20.29,HOU,20.0,100.0,2025-11-30 18:00:00,False,active
13,GriddyThemTiddies,Brock Bowers,TE,LV,TE,22.3,14.56,LAC,5.0,100.0,2025-11-30 21:25:00,False,active
13,GriddyThemTiddies,Chuba Hubbard,RB,CAR,BE,20.4,11.75,LAR,3.0,100.0,2025-11-30 18:00:00,False,active
13,GriddyThemTiddies,Garrett Wilson,WR,NYJ,BE,0.0,0.0,ATL,26.0,100.0,2025-11-30 18:00:00,False,inactive
13,GriddyThemTiddies,Jakobi Meyers,WR,JAX,WR,21.3,10.24,TEN,27.0,100.0,2025-11-30 18:00:00,False,active
13,GriddyThemTiddies,Caleb Williams,QB,CHI,BE,9.46,17.4,PHI,10.0,100.0,2025-11-28 20:00:00,False,active
13,GriddyThemTiddies,Jayden Reed,WR,GB,IR,0.0,0.0,DET,30.0,100.0,2025-11-27 18:00:00,False,inactive
13,GriddyThemTiddies,Dallas Goedert,TE,PHI,BE,4.7,10.79,CHI,15.0,100.0,2025-11-28 20:00:00,False,active
13,GriddyThemTiddies,Matthew Stafford,QB,LAR,QB,11.62,18.87,CAR,6.0,100.0,2025-11-30 18:00:00,False,active
13,GriddyThemTiddies,Eagles D/ST,D/ST,PHI,BE,3.0,6.05,CHI,1.0,100.0,2025-11-28 20:00:00,False,active
13,GriddyThemTiddies,Kareem Hunt,RB,KC,RB,9.0,9.32,DAL,30.0,100.0,2025-11-27 21:30:00,False,active
13,GriddyThemTiddies,Chargers D/ST,D/ST,LAC,D/ST,13.0,10.75,LV,32.0,100.0,2025-11-30 21:25:00,False,active
13,GriddyThemTiddies,Cairo Santos,K,CHI,K,6.0,7.87,PHI,13.0,100.0,2025-11-28 20:00:00,False,active
13,GriddyThemTiddies,Greg Dortch,WR,ARI,RB/WR/TE,7.0,11.61,TB,17.0,100.0,2025-11-30 18:00:00,False,active
13,Montgomery Beer,Ashton Jeanty,RB,LV,RB,12.1,15.5,LAC,4.0,100.0,2025-11-30 21:25:00,False,active
13,Montgomery Beer,Brian Thomas Jr.,WR,JAX,BE,4.8,11.86,TEN,27.0,100.0,2025-11-30 18:00:00,False,active
13,Montgomery Beer,George Kittle,TE,SF,TE,10.7,12.86,CLE,14.0,100.0,2025-11-30 18:00:00,False,active
13,Montgomery Beer,Baker Mayfield,QB,TB,BE,14.46,15.48,ARI,19.0,100.0,2025-11-30 18:00:00,False,active
13,Montgomery Beer,David Montgomery,RB,DET,RB,12.8,10.54,GB,11.0,100.0,2025-11-27 18:00:00,False,active
13,Montgomery Beer,Rashee Rice,WR,KC,WR,29.4,18.08,DAL,31.0,100.0,2025-11-27 21:30:00,False,active
13,Montgomery Beer,Javonte Williams,RB,DAL,RB/WR/TE,17.0,15.12,KC,17.0,100.0,2025-11-27 21:30:00,False,active
13,Montgomery Beer,Brandon Aubrey,K,DAL,K,12.0,8.76,KC,15.0,100.0,2025-11-27 21:30:00,False,active
13,Montgomery Beer,Rashid Shaheed,WR,SEA,WR,6.9,14.62,MIN,1.0,100.0,2025-11-30 21:05:00,False,active
13,Montgomery Beer,Jordan Love,QB,GB,QB,25.76,15.72,DET,24.0,100.0,2025-11-27 18:00:00,False,active
13,Montgomery Beer,Nick Chubb,RB,HOU,BE,9.4,5.39,IND,8.0,100.0,2025-11-30 18:00:00,False,active
13,Montgomery Beer,Justice Hill,RB,BAL,BE,0.0,0.0,CIN,31.0,100.0,2025-11-28 01:20:00,False,inactive
13,Montgomery Beer,Matt Prater,K,BUF,BE,7.5,8.31,PIT,18.0,100.0,2025-11-30 21:25:00,False,active
13,Montgomery Beer,Lions D/ST,D/ST,DET,D/ST,-1.0,6.04,GB,7.0,100.0,2025-11-27 18:00:00,False,active
13,Montgomery Beer,Darnell Mooney,WR,ATL,BE,4.5,10.4,NYJ,12.0,100.0,2025-11-30 18:00:00,False,active
13,Naberhood Watch,Malik Nabers,WR,NYG,IR,0.0,0.0,NE,14.0,100.0,2025-12-02 01:15:00,False,inactive
13,Naberhood Watch,De'Von Achane,RB,MIA,RB,19.4,24.38,NO,7.0,100.0,2025-11-30 18:00:00,False,active
13,Naberhood Watch,Davante Adams,WR,LAR,RB/WR/TE,21.8,16.49,CAR,3.0,100.0,2025-11-30 18:00:00,False,active
13,Naberhood Watch,Marvin Harrison Jr.,WR,ARI,WR,12.9,13.67,TB,17.0,100.0,2025-11-30 18:00:00,False,active
13,Naberhood Watch,Zay Flowers,WR,BAL,BE,0.6,14.14,CIN,10.0,100.0,2025-11-28 01:20:00,False,active
13,Naberhood Watch,Sam LaPorta,TE,DET,TE,0.0,0.0,GB,10.0,100.0,2025-11-27 18:00:00,False,inactive
13,Naberhood Watch,Chris Olave,WR,NO,WR,14.7,15.87,MIA,8.0,100.0,2025-11-30 18:00:00,False,active
13,Naberhood Watch,Rhamondre Stevenson,RB,NE,RB,11.0,16.77,NYG,27.0,100.0,2025-12-02 01:15:00,False,active
13,Naberhood Watch,Ravens D/ST,D/ST,BAL,BE,2.0,7.31,CIN,26.0,100.0,2025-11-28 01:20:00,False,active
13,Naberhood Watch,Jake Bates,K,DET,K,6.0,8.55,GB,14.0,100.0,2025-11-27 18:00:00,False,active
13,Naberhood Watch,Zach Ertz,TE,WSH,BE,20.6,8.73,DEN,17.0,100.0,2025-12-01 01:20:00,False,active
13,Naberhood Watch,Jacory Croskey-Merritt,RB,WSH,BE,2.0,5.45,DEN,2.0,100.0,2025-12-01 01:20:00,False,active
13,Naberhood Watch,Falcons D/ST,D/ST,ATL,D/ST,4.0,8.62,NYJ,28.0,100.0,2025-11-30 18:00:00,False,active
13,Naberhood Watch,Chris Boswell,K,PIT,BE,1.0,8.4,BUF,7.0,100.0,2025-11-30 21:25:00,False,active
13,Naberhood Watch,Sam Darnold,QB,SEA,QB,3.12,15.17,MIN,1.0,100.0,2025-11-30 21:05:00,False,active
13,Naberhood Watch,Emanuel Wilson,RB,GB,BE,1.4,9.38,DET,1.0,100.0,2025-11-27 18:00:00,False,active
13,SaquonDeese,Saquon Barkley,RB,PHI,RB,5.6,17.74,CHI,18.0,100.0,2025-11-28 20:00:00,False,active
13,SaquonDeese,Jalen Hurts,QB,PHI,QB,16.3,23.39,CHI,22.0,100.0,2025-11-28 20:00:00,False,active
13,SaquonDeese,Xavier Worthy,WR,KC,BE,11.4,10.95,DAL,31.0,100.0,2025-11-27 21:30:00,False,active
13,SaquonDeese,Tetairoa McMillan,WR,CAR,WR,11.3,13.24,LAR,20.0,100.0,2025-11-30 18:00:00,False,active
13,SaquonDeese,Emeka Egbuka,WR,TB,RB/WR/TE,8.2,14.04,ARI,19.0,100.0,2025-11-30 18:00:00,False,active
13,SaquonDeese,Broncos D/ST,D/ST,DEN,BE,3.0,8.72,WSH,18.0,100.0,2025-12-01 01:20:00,False,active
13,SaquonDeese,Chase McLaughlin,K,TB,K,10.0,7.99,ARI,32.0,100.0,2025-11-30 18:00:00,False,active
13,SaquonDeese,Quinshon Judkins,RB,CLE,RB,15.9,13.13,SF,25.0,100.0,2025-11-30 18:00:00,False,active
13,SaquonDeese,DK Metcalf,WR,PIT,BE,6.2,13.31,BUF,11.0,100.0,2025-11-30 21:25:00,False,active
13,SaquonDeese,Khalil Shakir,WR,BUF,WR,1.5,13.33,PIT,24.0,100.0,2025-11-30 21:25:00,False,active
13,SaquonDeese,Harold Fannin Jr.,TE,CLE,BE,11.3,9.39,SF,24.0,100.0,2025-11-30 18:00:00,False,active
13,SaquonDeese,Juwan Johnson,TE,NO,TE,8.9,8.66,MIA,30.0,100.0,2025-11-30 18:00:00,False,active
13,SaquonDeese,Tyrone Tracy Jr.,RB,NYG,BE,4.3,12.5,NE,9.0,100.0,2025-12-02 01:15:00,False,active
13,SaquonDeese,Parker Washington,WR,JAX,BE,5.0,11.72,TEN,27.0,100.0,2025-11-30 18:00:00,False,active
13,SaquonDeese,Rams D/ST,D/ST,LAR,D/ST,2.0,8.98,CAR,25.0,100.0,2025-11-30 18:00:00,False,active
13,Jacks Backs,Ja'Marr Chase,WR,CIN,WR,18.0,21.53,BAL,28.0,100.0,2025-11-28 01:20:00,False,active
13,Jacks Backs,Trey McBride,TE,ARI,TE,22.2,17.34,TB,27.0,100.0,2025-11-30 18:00:00,False,active
13,Jacks Backs,Kyren Williams,RB,LAR,RB,13.2,13.96,CAR,23.0,100.0,2025-11-30 18:00:00,False,active
13,Jacks Backs,Courtland Sutton,WR,DEN,BE,17.2,13.75,WSH,23.0,100.0,2025-12-01 01:20:00,False,active
13,Jacks Backs,Bo Nix,QB,DEN,QB,16.44,20.27,WSH,30.0,100.0,2025-12-01 01:20:00,False,active
13,Jacks Backs,Dalton Kincaid,TE,BUF,BE,0.0,0.0,PIT,29.0,100.0,2025-11-30 21:25:00,False,inactive
13,Jacks Backs,Seahawks D/ST,D/ST,SEA,D/ST,29.0,10.07,MIN,30.0,100.0,2025-11-30 21:05:00,False,active
13,Jacks Backs,Woody Marks,RB,HOU,BE,7.7,11.83,IND,8.0,100.0,2025-11-30 18:00:00,False,active
13,Jacks Backs,Kenneth Gainwell,RB,PIT,RB,9.1,17.04,BUF,26.0,100.0,2025-11-30 21:25:00,False,active
13,Jacks Backs,Cade Otton,TE,TB,BE,2.9,8.08,ARI,31.0,100.0,2025-11-30 18:00:00,False,active
13,Jacks Backs,Troy Franklin,WR,DEN,WR,4.1,12.95,WSH,23.0,100.0,2025-12-01 01:20:00,False,active
13,Jacks Backs,Andy Borregales,K,NE,K,14.0,8.74,NYG,23.0,100.0,2025-12-02 01:15:00,False,active
13,Jacks Backs,Jacoby Brissett,QB,ARI,BE,19.64,17.23,TB,29.0,100.0,2025-11-30 18:00:00,False,active
13,Jacks Backs,Romeo Doubs,WR,GB,RB/WR/TE,12.2,12.31,DET,30.0,100.0,2025-11-27 18:00:00,False,active
13,Jacks Backs,DJ Moore,WR,CHI,BE,4.7,9.58,PHI,6.0,100.0,2025-11-28 20:00:00,False,active
13,Philip's Perfect Team,Christian McCaffrey,RB,SF,RB,17.4,23.33,CLE,16.0,100.0,2025-11-30 18:00:00,False,active
13,Philip's Perfect Team,Drake London,WR,ATL,BE,0.0,0.0,NYJ,12.0,100.0,2025-11-30 18:00:00,False,inactive
13,Philip's Perfect Team,Tee Higgins,WR,CIN,WR,0.0,0.0,BAL,28.0,100.0,2025-11-28 01:20:00,False,inactive
13,Philip's Perfect Team,Jaxon Smith-Njigba,WR,SEA,WR,4.3,21.91,MIN,1.0,100.0,2025-11-30 21:05:00,False,active
13,Philip's Perfect Team,Breece Hall,RB,NYJ,RB,15.6,16.26,ATL,10.0,100.0,2025-11-30 18:00:00,False,active
13,Philip's Perfect Team,T.J. Hockenson,TE,MIN,BE,11.9,6.63,SEA,22.0,100.0,2025-11-30 21:05:00,False,active
13,Philip's Perfect Team,Michael Pittman Jr.,WR,IND,RB/WR/TE,2.3,13.32,HOU,2.0,100.0,2025-11-30 18:00:00,False,active
13,Philip's Perfect Team,Deebo Samuel,WR,WSH,BE,22.5,11.56,DEN,9.0,100.0,2025-12-01 01:20:00,False,active
13,Philip's Perfect Team,Chris Godwin Jr.,WR,TB,BE,10.8,8.21,ARI,19.0,100.0,2025-11-30 18:00:00,False,active
13,Philip's Perfect Team,Justin Herbert,QB,LAC,QB,12.84,18.2,LV,16.0,100.0,2025-11-30 21:25:00,False,active
13,Philip's Perfect Team,J.J. McCarthy,QB,MIN,BE,0.0,0.0,SEA,7.0,100.0,2025-11-30 21:05:00,False,inactive
13,Philip's Perfect Team,Jake Ferguson,TE,DAL,TE,8.6,10.95,KC,7.0,100.0,2025-11-27 21:30:00,False,active
13,Philip's Perfect Team,Raiders D/ST,D/ST,LV,D/ST,5.0,7.19,LAC,22.0,100.0,2025-11-30 21:25:00,False,active
13,Philip's Perfect Team,Brandon McManus,K,GB,K,8.0,7.75,DET,19.0,100.0,2025-11-27 18:00:00,False,active
13,Philip's Perfect Team,Tyler Shough,QB,NO,BE,17.36,13.48,MIA,23.0,100.0,2025-11-30 18:00:00,False,active
13,"you won't, but Drake Maye",CeeDee Lamb,WR,DAL,WR,24.2,19.98,KC,4.0,100.0,2025-11-27 21:30:00,False,active
13,"you won't, but Drake Maye",Bucky Irving,RB,TB,BE,16.1,11.78,ARI,28.0,100.0,2025-11-30 18:00:00,False,active
13,"you won't, but Drake Maye",James Cook III,RB,BUF,RB,18.7,17.91,PIT,14.0,100.0,2025-11-30 21:25:00,False,active
13,"you won't, but Drake Maye",Omarion Hampton,RB,LAC,BE,0.0,0.0,LV,15.0,100.0,2025-11-30 21:25:00,False,inactive
13,"you won't, but Drake Maye",Stefon Diggs,WR,NE,BE,5.6,13.58,NYG,22.0,100.0,2025-12-02 01:15:00,False,active
13,"you won't, but Drake Maye",Travis Etienne Jr.,RB,JAX,RB,5.1,15.14,TEN,13.0,100.0,2025-11-30 18:00:00,False,active
13,"you won't, but Drake Maye",Drake Maye,QB,NE,QB,20.48,22.37,NYG,25.0,100.0,2025-12-02 01:15:00,False,active
13,"you won't, but Drake Maye",Chimere Dike,WR,TEN,WR,15.1,19.76,JAX,16.0,100.0,2025-11-30 18:00:00,False,active
13,"you won't, but Drake Maye",Oronde Gadsden,TE,LAC,TE,3.7,10.64,LV,3.0,100.0,2025-11-30 21:25:00,False,active
13,"you won't, but Drake Maye",Colston Loveland,TE,CHI,BE,5.8,7.39,PHI,2.0,100.0,2025-11-28 20:00:00,False,active
13,"you won't, but Drake Maye",Patriots D/ST,D/ST,NE,BE,15.0,7.43,NYG,20.0,100.0,2025-12-02 01:15:00,False,active
13,"you won't, but Drake Maye",Cam Little,K,JAX,K,6.0,8.1,TEN,28.0,100.0,2025-11-30 18:00:00,False,active
13,"you won't, but Drake Maye",C.J. Stroud,QB,HOU,BE,9.04,17.18,IND,18.0,100.0,2025-11-30 18:00:00,False,active
13,"you won't, but Drake Maye",Nico Collins,WR,HOU,RB/WR/TE,21.5,16.43,IND,32.0,100.0,2025-11-30 18:00:00,False,active
13,"you won't, but Drake Maye",Dolphins D/ST,D/ST,MIA,D/ST,15.0,8.4,NO,27.0,100.0,2025-11-30 18:00:00,False,active
13,Tyler's Football Team,A.J. Brown,WR,PHI,WR,35.2,16.77,CHI,29.0,100.0,2025-11-28 20:00:00,False,active
13,Tyler's Football Team,Derrick Henry,RB,BAL,RB,17.4,20.68,CIN,31.0,100.0,2025-11-28 01:20:00,False,active
13,Tyler's Football Team,Terry McLaurin,WR,WSH,IR,22.6,11.0,DEN,9.0,100.0,2025-12-01 01:20:00,False,active
13,Tyler's Football Team,Patrick Mahomes,QB,KC,QB,29.44,21.66,DAL,32.0,100.0,2025-11-27 21:30:00,False,active
13,Tyler's Football Team,Calvin Ridley,WR,TEN,BE,0.0,0.0,JAX,16.0,100.0,2025-11-30 18:00:00,False,inactive
13,Tyler's Football Team,Jauan Jennings,WR,SF,WR,13.9,11.13,CLE,13.0,100.0,2025-11-30 18:00:00,False,active
13,Tyler's Football Team,Luke McCaffrey,WR,WSH,BE,0.0,0.0,DEN,9.0,100.0,2025-12-01 01:20:00,False,inactive
13,Tyler's Football Team,Bam Knight,RB,ARI,BE,16.8,13.09,TB,19.0,100.0,2025-11-30 18:00:00,False,active
13,Tyler's Football Team,Theo Johnson,TE,NYG,TE,5.9,8.84,NE,20.0,100.0,2025-12-02 01:15:00,False,active
13,Tyler's Football Team,Jaguars D/ST,D/ST,JAX,D/ST,15.0,8.63,TEN,29.0,100.0,2025-11-30 18:00:00,False,active
13,Tyler's Football Team,Isaiah Williams,WR,NYJ,RB/WR/TE,9.9,11.59,ATL,26.0,100.0,2025-11-30 18:00:00,False,active
13,Tyler's Football Team,Ray Davis,RB,BUF,RB,7.7,10.76,PIT,14.0,100.0,2025-11-30 21:25:00,False,active
13,Tyler's Football Team,Michael Badgley,K,None,K,,,,,,,,
14,Team Beil,Amon-Ra St. Brown,WR,DET,WR,15.2,19.53,DAL,31.0,100.0,2025-12-05 01:15:00,False,active
14,Team Beil,Josh Jacobs,RB,GB,RB,17.2,21.32,CHI,18.0,100.0,2025-12-07 21:25:00,False,active
14,Team Beil,Jayden Daniels,QB,WSH,BE,2.72,18.33,MIN,1.0,100.0,2025-12-07 18:00:00,False,active
14,Team Beil,TreVeyon Henderson,RB,NE,BE,,,,,,,,
14,Team Beil,George Pickens,WR,DAL,WR,8.7,18.92,DET,30.0,100.0,2025-12-05 01:15:00,False,active
14,Team Beil,Dak Prescott,QB,DAL,QB,18.44,20.31,DET,24.0,100.0,2025-12-05 01:15:00,False,active
14,Team Beil,Cameron Dicker,K,LAC,K,20.0,8.28,PHI,13.0,100.0,2025-12-09 01:15:00,False,active
14,Team Beil,Pat Freiermuth,TE,PIT,TE,2.9,4.5,BAL,9.0,100.0,2025-12-07 18:00:00,False,active
14,Team Beil,Rico Dowdle,RB,CAR,BE,,,,,,,,
14,Team Beil,Kayshon Boutte,WR,NE,BE,,,,,,,,
14,Team Beil,Kyle Monangai,RB,CHI,RB,8.7,9.71,GB,11.0,100.0,2025-12-07 21:25:00,False,active
14,Team Beil,Alec Pierce,WR,IND,BE,13.0,10.72,JAX,16.0,100.0,2025-12-07 18:00:00,False,active
14,Team Beil,Davis Mills,QB,HOU,BE,0.0,0.0,KC,13.0,100.0,2025-12-08 01:20:00,False,inactive
14,Team Beil,Isiah Pacheco,RB,KC,RB/WR/TE,3.0,8.34,HOU,20.0,100.0,2025-12-08 01:20:00,False,active
14,Team Beil,Commanders D/ST,D/ST,WSH,D/ST,4.0,8.47,MIN,30.0,100.0,2025-12-07 18:00:00,False,active
14,Hurts So Good,Jahmyr Gibbs,RB,DET,RB,37.0,22.94,DAL,30.0,100.0,2025-12-05 01:15:00,False,active
14,Hurts So Good,DeVonta Smith,WR,PHI,WR,7.7,13.49,LAC,15.0,100.0,2025-12-09 01:15:00,False,active
14,Hurts So Good,Lamar Jackson,QB,BAL,BE,21.06,16.83,PIT,27.0,100.0,2025-12-07 18:00:00,False,active
14,Hurts So Good,Mike Evans,WR,TB,IR,0.0,0.0,NO,7.0,100.0,2025-12-07 18:00:00,False,inactive
14,Hurts So Good,D'Andre Swift,RB,CHI,RB,11.2,11.06,GB,11.0,100.0,2025-12-07 21:25:00,False,active
14,Hurts So Good,Mark Andrews,TE,BAL,TE,1.9,9.06,PIT,29.0,100.0,2025-12-07 18:00:00,False,active
14,Hurts So Good,Rome Odunze,WR,CHI,WR,0.0,0.0,GB,18.0,100.0,2025-12-07 21:25:00,False,inactive
14,Hurts So Good,J.K. Dobbins,RB,DEN,BE,0.0,0.0,LV,15.0,100.0,2025-12-07 21:05:00,False,inactive
14,Hurts So Good,Cooper Kupp,WR,SEA,BE,11.5,8.65,ATL,26.0,100.0,2025-12-07 18:00:00,False,active
14,Hurts So Good,Keenan Allen,WR,LAC,BE,5.2,10.51,PHI,6.0,100.0,2025-12-09 01:15:00,False,active
14,Hurts So Good,Texans D/ST,D/ST,HOU,D/ST,14.0,6.35,KC,17.0,100.0,2025-12-08 01:20:00,False,active
14,Hurts So Good,Jared Goff,QB,DET,QB,16.16,18.52,DAL,32.0,100.0,2025-12-05 01:15:00,False,active
14,Hurts So Good,Jake Elliott,K,PHI,K,16.0,7.58,LAC,17.0,100.0,2025-12-09 01:15:00,False,active
14,Hurts So Good,Hunter Henry,TE,NE,BE,,,,,,,,
14,Hurts So Good,Jameson Williams,WR,DET,RB/WR/TE,17.3,13.76,DAL,31.0,100.0,2025-12-05 01:15:00,False,active
14,Hurts So Good,Jason Myers,K,SEA,BE,14.0,8.27,ATL,24.0,100.0,2025-12-07 18:00:00,False,active
14,Montgomery Beer,Ashton Jeanty,RB,LV,RB,5.8,15.82,DEN,2.0,100.0,2025-12-07 21:05:00,False,active
14,Montgomery Beer,Brian Thomas Jr.,WR,JAX,WR,11.7,11.33,IND,32.0,100.0,2025-12-07 18:00:00,False,active
14,Montgomery Beer,George Kittle,TE,SF,BE,,,,,,,,
14,Montgomery Beer,Baker Mayfield,QB,TB,BE,11.08,15.43,NO,8.0,100.0,2025-12-07 18:00:00,False,active
14,Montgomery Beer,David Montgomery,RB,DET,RB/WR/TE,14.3,10.73,DAL,30.0,100.0,2025-12-05 01:15:00,False,active
14,Montgomery Beer,Rashee Rice,WR,KC,WR,7.4,17.09,HOU,2.0,100.0,2025-12-08 01:20:00,False,active
14,Montgomery Beer,Javonte Williams,RB,DAL,RB,14.7,14.1,DET,1.0,100.0,2025-12-05 01:15:00,False,active
14,Montgomery Beer,Brandon Aubrey,K,DAL,K,24.0,8.86,DET,19.0,100.0,2025-12-05 01:15:00,False,active
14,Montgomery Beer,Rashid Shaheed,WR,SEA,BE,31.5,14.87,ATL,26.0,100.0,2025-12-07 18:00:00,False,active
14,Montgomery Beer,Jordan Love,QB,GB,QB,19.26,17.65,CHI,22.0,100.0,2025-12-07 21:25:00,False,active
14,Montgomery Beer,Nick Chubb,RB,HOU,BE,0.3,5.27,KC,17.0,100.0,2025-12-08 01:20:00,False,active
14,Montgomery Beer,Matt Prater,K,BUF,BE,7.0,8.8,CIN,12.0,100.0,2025-12-07 18:00:00,False,active
14,Montgomery Beer,Lions D/ST,D/ST,DET,D/ST,9.0,5.43,DAL,3.0,100.0,2025-12-05 01:15:00,False,active
14,Montgomery Beer,Darnell Mooney,WR,ATL,BE,1.6,9.29,SEA,5.0,100.0,2025-12-07 18:00:00,False,active
14,Montgomery Beer,Brenton Strange,TE,JAX,TE,5.7,8.87,IND,25.0,100.0,2025-12-07 18:00:00,False,active
14,Glock Purdy,Puka Nacua,WR,LAR,WR,35.7,20.89,ARI,19.0,100.0,2025-12-07 21:25:00,False,active
14,Glock Purdy,Joe Burrow,QB,CIN,QB,23.36,18.0,BUF,4.0,100.0,2025-12-07 18:00:00,False,active
14,Glock Purdy,Alvin Kamara,RB,NO,BE,0.0,0.0,TB,19.0,100.0,2025-12-07 18:00:00,False,inactive
14,Glock Purdy,Aaron Jones Sr.,RB,MIN,RB,7.6,12.73,WSH,24.0,100.0,2025-12-07 18:00:00,False,active
14,Glock Purdy,Jaylen Waddle,WR,MIA,WR,18.1,14.02,NYJ,12.0,100.0,2025-12-07 18:00:00,False,active
14,Glock Purdy,Travis Kelce,TE,KC,TE,1.8,10.08,HOU,11.0,100.0,2025-12-08 01:20:00,False,active
14,Glock Purdy,Ka'imi Fairbairn,K,HOU,K,8.0,7.64,KC,15.0,100.0,2025-12-08 01:20:00,False,active
14,Glock Purdy,Wan'Dale Robinson,WR,NYG,BE,,,,,,,,
14,Glock Purdy,Daniel Jones,QB,IND,BE,0.8,17.23,JAX,15.0,100.0,2025-12-07 18:00:00,False,active
14,Glock Purdy,Dalton Schultz,TE,HOU,BE,5.2,9.69,KC,7.0,100.0,2025-12-08 01:20:00,False,active
14,Glock Purdy,Buccaneers D/ST,D/ST,TB,D/ST,7.0,7.9,NO,27.0,100.0,2025-12-07 18:00:00,False,active
14,Glock Purdy,Chase Brown,RB,CIN,RB,18.5,14.71,BUF,26.0,100.0,2025-12-07 18:00:00,False,active
14,Glock Purdy,Tom Kennedy,WR,DET,RB/WR/TE,14.1,14.31,DAL,31.0,100.0,2025-12-05 01:15:00,False,active
14,Glock Purdy,Chris Rodriguez Jr.,RB,WSH,BE,5.2,8.92,MIN,6.0,100.0,2025-12-07 18:00:00,False,active
14,Glock Purdy,Zach Charbonnet,RB,SEA,BE,8.6,8.75,ATL,10.0,100.0,2025-12-07 18:00:00,False,active
14,SaquonDeese,Saquon Barkley,RB,PHI,RB,18.2,14.49,LAC,4.0,100.0,2025-12-09 01:15:00,False,active
14,SaquonDeese,Jalen Hurts,QB,PHI,QB,0.4,19.41,LAC,2.0,100.0,2025-12-09 01:15:00,False,active
14,SaquonDeese,Xavier Worthy,WR,KC,BE,8.5,10.07,HOU,2.0,100.0,2025-12-08 01:20:00,False,active
14,SaquonDeese,Tetairoa McMillan,WR,CAR,BE,,,,,,,,
14,SaquonDeese,Emeka Egbuka,WR,TB,RB/WR/TE,3.5,13.58,NO,7.0,100.0,2025-12-07 18:00:00,False,active
14,SaquonDeese,Broncos D/ST,D/ST,DEN,BE,15.0,10.53,LV,32.0,100.0,2025-12-07 21:05:00,False,active
14,SaquonDeese,Chase McLaughlin,K,TB,K,9.0,8.0,NO,29.0,100.0,2025-12-07 18:00:00,False,active
14,SaquonDeese,Quinshon Judkins,RB,CLE,RB,9.4,14.83,TEN,13.0,100.0,2025-12-07 18:00:00,False,active
14,SaquonDeese,DK Metcalf,WR,PIT,WR,21.8,12.2,BAL,28.0,100.0,2025-12-07 18:00:00,False,active
14,SaquonDeese,Khalil Shakir,WR,BUF,WR,10.5,13.19,CIN,10.0,100.0,2025-12-07 18:00:00,False,active
14,SaquonDeese,Harold Fannin Jr.,TE,CLE,BE,25.4,9.56,TEN,21.0,100.0,2025-12-07 18:00:00,False,active
14,SaquonDeese,Juwan Johnson,TE,NO,TE,7.8,9.69,TB,27.0,100.0,2025-12-07 18:00:00,False,active
14,SaquonDeese,Tyrone Tracy Jr.,RB,NYG,BE,,,,,,,,
14,SaquonDeese,Parker Washington,WR,JAX,BE,0.0,0.0,IND,32.0,100.0,2025-12-07 18:00:00,False,inactive
14,SaquonDeese,Rams D/ST,D/ST,LAR,D/ST,9.0,8.57,ARI,23.0,100.0,2025-12-07 21:25:00,False,active
14,White Corners Klub,Bijan Robinson,RB,ATL,RB,9.4,20.37,SEA,12.0,100.0,2025-12-07 18:00:00,False,active
14,White Corners Klub,Ladd McConkey,WR,LAC,BE,2.2,12.29,PHI,6.0,100.0,2025-12-09 01:15:00,False,active
14,White Corners Klub,Josh Allen,QB,BUF,QB,37.84,24.01,CIN,26.0,100.0,2025-12-07 18:00:00,False,active
14,White Corners Klub,Kenneth Walker III,RB,SEA,BE,3.8,13.35,ATL,10.0,100.0,2025-12-07 18:00:00,False,active
14,White Corners Klub,RJ Harvey,RB,DEN,RB,22.0,14.77,LV,15.0,100.0,2025-12-07 21:05:00,False,active
14,White Corners Klub,Tyler Warren,TE,IND,TE,3.7,12.93,JAX,23.0,100.0,2025-12-07 18:00:00,False,active
14,White Corners Klub,Trey Benson,RB,ARI,IR,0.0,0.0,LAR,3.0,100.0,2025-12-07 21:25:00,False,inactive
14,White Corners Klub,Marvin Mims Jr.,WR,DEN,BE,16.4,9.67,LV,25.0,100.0,2025-12-07 21:05:00,False,active
14,White Corners Klub,Malik Washington,WR,MIA,WR,9.7,16.47,NYJ,12.0,100.0,2025-12-07 18:00:00,False,active
14,White Corners Klub,Jaylen Warren,RB,PIT,BE,17.1,12.19,BAL,22.0,100.0,2025-12-07 18:00:00,False,active
14,White Corners Klub,Jaxson Dart,QB,NYG,BE,,,,,,,,
14,White Corners Klub,Tyler Loop,K,BAL,K,9.5,8.07,PIT,18.0,100.0,2025-12-07 18:00:00,False,active
14,White Corners Klub,Browns D/ST,D/ST,CLE,D/ST,4.0,8.54,TEN,29.0,100.0,2025-12-07 18:00:00,False,active
14,White Corners Klub,KaVontae Turpin,WR,DAL,WR,22.6,16.53,DET,30.0,100.0,2025-12-05 01:15:00,False,active
14,White Corners Klub,Michael Wilson,WR,ARI,RB/WR/TE,37.2,14.94,LAR,20.0,100.0,2025-12-07 21:25:00,False,active
14,White Corners Klub,Bhayshul Tuten,RB,JAX,BE,4.6,10.88,IND,8.0,100.0,2025-12-07 18:00:00,False,active
14,Philip's Perfect Team,Christian McCaffrey,RB,SF,BE,,,,,,,,
14,Philip's Perfect Team,Drake London,WR,ATL,BE,0.0,0.0,SEA,5.0,100.0,2025-12-07 18:00:00,False,inactive
14,Philip's Perfect Team,Tee Higgins,WR,CIN,WR,27.2,13.28,BUF,11.0,100.0,2025-12-07 18:00:00,False,active
14,Philip's Perfect Team,Jaxon Smith-Njigba,WR,SEA,WR,28.1,20.92,ATL,26.0,100.0,2025-12-07 18:00:00,False,active
14,Philip's Perfect Team,Breece Hall,RB,NYJ,RB,4.3,16.6,MIA,29.0,100.0,2025-12-07 18:00:00,False,active
14,Philip's Perfect Team,T.J. Hockenson,TE,MIN,BE,9.2,8.79,WSH,28.0,100.0,2025-12-07 18:00:00,False,active
14,Philip's Perfect Team,Michael Pittman Jr.,WR,IND,RB/WR/TE,16.9,12.82,JAX,16.0,100.0,2025-12-07 18:00:00,False,active
14,Philip's Perfect Team,Deebo Samuel,WR,WSH,BE,15.4,11.01,MIN,1.0,100.0,2025-12-07 18:00:00,False,active
14,Philip's Perfect Team,Chris Godwin Jr.,WR,TB,BE,10.5,10.99,NO,7.0,100.0,2025-12-07 18:00:00,False,active
14,Philip's Perfect Team,Justin Herbert,QB,LAC,QB,12.16,16.17,PHI,10.0,100.0,2025-12-09 01:15:00,False,active
14,Philip's Perfect Team,J.J. McCarthy,QB,MIN,BE,20.42,14.68,WSH,30.0,100.0,2025-12-07 18:00:00,False,active
14,Philip's Perfect Team,Jake Ferguson,TE,DAL,TE,10.8,10.97,DET,18.0,100.0,2025-12-05 01:15:00,False,active
14,Philip's Perfect Team,Raiders D/ST,D/ST,LV,D/ST,3.0,4.94,DEN,6.0,100.0,2025-12-07 21:05:00,False,active
14,Philip's Perfect Team,Brandon McManus,K,GB,K,4.0,8.23,CHI,6.0,100.0,2025-12-07 21:25:00,False,active
14,Philip's Perfect Team,Tony Pollard,RB,TEN,RB,28.1,10.59,CLE,16.0,100.0,2025-12-07 18:00:00,False,active
14,GriddyThemTiddies,Justin Jefferson,WR,MIN,WR,3.1,15.31,WSH,23.0,100.0,2025-12-07 18:00:00,False,active
14,GriddyThemTiddies,Jonathan Taylor,RB,IND,RB,11.4,20.84,JAX,5.0,100.0,2025-12-07 18:00:00,False,active
14,GriddyThemTiddies,Brock Bowers,TE,LV,TE,14.6,13.17,DEN,17.0,100.0,2025-12-07 21:05:00,False,active
14,GriddyThemTiddies,Chuba Hubbard,RB,CAR,BE,,,,,,,,
14,GriddyThemTiddies,Garrett Wilson,WR,NYJ,BE,0.0,0.0,MIA,8.0,100.0,2025-12-07 18:00:00,False,inactive
14,GriddyThemTiddies,Jakobi Meyers,WR,JAX,WR,14.8,11.28,IND,32.0,100.0,2025-12-07 18:00:00,False,active
14,GriddyThemTiddies,Caleb Williams,QB,CHI,BE,14.94,16.72,GB,12.0,100.0,2025-12-07 21:25:00,False,active
14,GriddyThemTiddies,Jayden Reed,WR,GB,BE,9.3,7.74,CHI,29.0,100.0,2025-12-07 21:25:00,False,active
14,GriddyThemTiddies,Dallas Goedert,TE,PHI,RB/WR/TE,15.8,9.39,LAC,5.0,100.0,2025-12-09 01:15:00,False,active
14,GriddyThemTiddies,Matthew Stafford,QB,LAR,QB,23.24,18.49,ARI,19.0,100.0,2025-12-07 21:25:00,False,active
14,GriddyThemTiddies,Eagles D/ST,D/ST,PHI,BE,13.0,7.52,LAC,22.0,100.0,2025-12-09 01:15:00,False,active
14,GriddyThemTiddies,Kareem Hunt,RB,KC,RB,9.0,8.63,HOU,20.0,100.0,2025-12-08 01:20:00,False,active
14,GriddyThemTiddies,Chargers D/ST,D/ST,LAC,BE,11.0,6.82,PHI,14.0,100.0,2025-12-09 01:15:00,False,active
14,GriddyThemTiddies,Cairo Santos,K,CHI,K,8.0,8.0,GB,14.0,100.0,2025-12-07 21:25:00,False,active
14,GriddyThemTiddies,Greg Dortch,WR,ARI,IR,0.0,0.0,LAR,20.0,100.0,2025-12-07 21:25:00,False,inactive
14,GriddyThemTiddies,Chiefs D/ST,D/ST,KC,D/ST,5.0,6.78,HOU,12.0,100.0,2025-12-08 01:20:00,False,active
14,Tyler's Football Team,A.J. Brown,WR,PHI,WR,16.0,16.33,LAC,15.0,100.0,2025-12-09 01:15:00,False,active
14,Tyler's Football Team,Derrick Henry,RB,BAL,RB,11.2,16.41,PIT,14.0,100.0,2025-12-07 18:00:00,False,active
14,Tyler's Football Team,Terry McLaurin,WR,WSH,WR,7.1,11.73,MIN,1.0,100.0,2025-12-07 18:00:00,False,active
14,Tyler's Football Team,Patrick Mahomes,QB,KC,QB,6.3,17.86,HOU,3.0,100.0,2025-12-08 01:20:00,False,active
14,Tyler's Football Team,Calvin Ridley,WR,TEN,IR,0.0,0.0,CLE,13.0,100.0,2025-12-07 18:00:00,False,inactive
14,Tyler's Football Team,Jauan Jennings,WR,SF,BE,,,,,,,,
14,Tyler's Football Team,Luke McCaffrey,WR,WSH,BE,0.0,0.0,MIN,1.0,100.0,2025-12-07 18:00:00,False,inactive
14,Tyler's Football Team,Bam Knight,RB,ARI,BE,6.4,10.73,LAR,3.0,100.0,2025-12-07 21:25:00,False,active
14,Tyler's Football Team,Theo Johnson,TE,NYG,BE,,,,,,,,
14,Tyler's Football Team,Isaiah Williams,WR,NYJ,RB/WR/TE,26.4,11.26,MIA,8.0,100.0,2025-12-07 18:00:00,False,active
14,Tyler's Football Team,Ray Davis,RB,BUF,BE,8.4,9.93,CIN,31.0,100.0,2025-12-07 18:00:00,False,active
14,Tyler's Football Team,Kyle Pitts Sr.,TE,ATL,TE,15.0,10.8,SEA,22.0,100.0,2025-12-07 18:00:00,False,active
14,Tyler's Football Team,Harrison Mevis,K,LAR,K,9.0,8.47,ARI,32.0,100.0,2025-12-07 21:25:00,False,active
14,Tyler's Football Team,Titans D/ST,D/ST,TEN,D/ST,6.0,8.09,CLE,31.0,100.0,2025-12-07 18:00:00,False,active
14,Tyler's Football Team,Devin Neal,RB,NO,RB,15.4,12.28,TB,19.0,100.0,2025-12-07 18:00:00,False,active
14,Naberhood Watch,Malik Nabers,WR,NYG,IR,,,,,,,,
14,Naberhood Watch,De'Von Achane,RB,MIA,RB,17.5,23.47,NYJ,32.0,100.0,2025-12-07 18:00:00,False,active
14,Naberhood Watch,Davante Adams,WR,LAR,RB/WR/TE,6.9,16.71,ARI,19.0,100.0,2025-12-07 21:25:00,False,active
14,Naberhood Watch,Marvin Harrison Jr.,WR,ARI,WR,0.0,0.0,LAR,20.0,100.0,2025-12-07 21:25:00,False,inactive
14,Naberhood Watch,Zay Flowers,WR,BAL,BE,20.6,12.31,PIT,24.0,100.0,2025-12-07 18:00:00,False,active
14,Naberhood Watch,Sam LaPorta,TE,DET,TE,0.0,0.0,DAL,12.0,100.0,2025-12-05 01:15:00,False,inactive
14,Naberhood Watch,Chris Olave,WR,NO,WR,6.0,14.92,TB,17.0,100.0,2025-12-07 18:00:00,False,active
14,Naberhood Watch,Rhamondre Stevenson,RB,NE,RB,,,,,,,,
14,Naberhood Watch,Ravens D/ST,D/ST,BAL,BE,1.0,7.47,PIT,16.0,100.0,2025-12-07 18:00:00,False,active
14,Naberhood Watch,Jake Bates,K,DET,K,15.0,8.91,DAL,27.0,100.0,2025-12-05 01:15:00,False,active
14,Naberhood Watch,Zach Ertz,TE,WSH,BE,2.1,9.22,MIN,6.0,100.0,2025-12-07 18:00:00,False,active
14,Naberhood Watch,Jacory Croskey-Merritt,RB,WSH,BE,3.2,4.11,MIN,6.0,100.0,2025-12-07 18:00:00,False,active
14,Naberhood Watch,Falcons D/ST,D/ST,ATL,D/ST,1.0,6.0,SEA,10.0,100.0,2025-12-07 18:00:00,False,active
14,Naberhood Watch,Chris Boswell,K,PIT,BE,9.0,7.92,BAL,25.0,100.0,2025-12-07 18:00:00,False,active
14,Naberhood Watch,Sam Darnold,QB,SEA,QB,22.26,14.28,ATL,17.0,100.0,2025-12-07 18:00:00,False,active
14,Naberhood Watch,Emanuel Wilson,RB,GB,BE,6.5,6.12,CHI,18.0,100.0,2025-12-07 21:25:00,False,active
14,"you won't, but Drake Maye",CeeDee Lamb,WR,DAL,WR,18.1,19.47,DET,30.0,100.0,2025-12-05 01:15:00,False,active
14,"you won't, but Drake Maye",Bucky Irving,RB,TB,RB,16.1,16.36,NO,7.0,100.0,2025-12-07 18:00:00,False,active
14,"you won't, but Drake Maye",James Cook III,RB,BUF,RB,11.1,21.28,CIN,31.0,100.0,2025-12-07 18:00:00,False,active
14,"you won't, but Drake Maye",Omarion Hampton,RB,LAC,BE,14.7,12.12,PHI,21.0,100.0,2025-12-09 01:15:00,False,active
14,"you won't, but Drake Maye",Stefon Diggs,WR,NE,BE,,,,,,,,
14,"you won't, but Drake Maye",Travis Etienne Jr.,RB,JAX,BE,21.2,11.66,IND,8.0,100.0,2025-12-07 18:00:00,False,active
14,"you won't, but Drake Maye",Drake Maye,QB,NE,BE,,,,,,,,
14,"you won't, but Drake Maye",Chimere Dike,WR,TEN,RB/WR/TE,17.3,20.74,CLE,13.0,100.0,2025-12-07 18:00:00,False,active
14,"you won't, but Drake Maye",Oronde Gadsden,TE,LAC,BE,1.7,9.33,PHI,2.0,100.0,2025-12-09 01:15:00,False,active
14,"you won't, but Drake Maye",Colston Loveland,TE,CHI,TE,12.9,9.22,GB,10.0,100.0,2025-12-07 21:25:00,False,active
14,"you won't, but Drake Maye",Patriots D/ST,D/ST,NE,BE,,,,,,,,
14,"you won't, but Drake Maye",Cam Little,K,JAX,K,11.0,7.93,IND,30.0,100.0,2025-12-07 18:00:00,False,active
14,"you won't, but Drake Maye",Nico Collins,WR,HOU,WR,16.1,16.92,KC,4.0,100.0,2025-12-08 01:20:00,False,active
14,"you won't, but Drake Maye",Dolphins D/ST,D/ST,MIA,D/ST,18.0,7.9,NYJ,28.0,100.0,2025-12-07 18:00:00,False,active
14,"you won't, but Drake Maye",Trevor Lawrence,QB,JAX,QB,19.36,16.16,IND,18.0,100.0,2025-12-07 18:00:00,False,active
14,Jacks Backs,Ja'Marr Chase,WR,CIN,WR,10.2,19.1,BUF,11.0,100.0,2025-12-07 18:00:00,False,active
14,Jacks Backs,Trey McBride,TE,ARI,TE,10.8,15.59,LAR,16.0,100.0,2025-12-07 21:25:00,False,active
14,Jacks Backs,Kyren Williams,RB,LAR,RB,17.7,13.66,ARI,28.0,100.0,2025-12-07 21:25:00,False,active
14,Jacks Backs,Courtland Sutton,WR,DEN,RB/WR/TE,12.2,11.8,LV,25.0,100.0,2025-12-07 21:05:00,False,active
14,Jacks Backs,Bo Nix,QB,DEN,QB,15.98,17.77,LV,16.0,100.0,2025-12-07 21:05:00,False,active
14,Jacks Backs,Dalton Kincaid,TE,BUF,BE,14.1,9.96,CIN,32.0,100.0,2025-12-07 18:00:00,False,active
14,Jacks Backs,Seahawks D/ST,D/ST,SEA,D/ST,21.0,7.78,ATL,19.0,100.0,2025-12-07 18:00:00,False,active
14,Jacks Backs,Woody Marks,RB,HOU,BE,15.6,10.99,KC,17.0,100.0,2025-12-08 01:20:00,False,active
14,Jacks Backs,Kenneth Gainwell,RB,PIT,RB,23.1,18.79,BAL,22.0,100.0,2025-12-07 18:00:00,False,active
14,Jacks Backs,Troy Franklin,WR,DEN,BE,4.1,9.53,LV,25.0,100.0,2025-12-07 21:05:00,False,active
14,Jacks Backs,Andy Borregales,K,NE,BE,,,,,,,,
14,Jacks Backs,Jacoby Brissett,QB,ARI,BE,19.04,15.3,LAR,14.0,100.0,2025-12-07 21:25:00,False,active
14,Jacks Backs,Romeo Doubs,WR,GB,WR,0.7,12.02,CHI,29.0,100.0,2025-12-07 21:25:00,False,active
14,Jacks Backs,Evan McPherson,K,CIN,K,4.0,8.0,BUF,7.0,100.0,2025-12-07 18:00:00,False,active
14,Jacks Backs,Blake Corum,RB,LAR,BE,26.1,9.11,ARI,28.0,100.0,2025-12-07 21:25:00,False,active
